campaign_id,city,segment,channel,category,discount_pct,baseline_orders,avg_ticket,unit_cost,logistics_capacity,seasonality_index,baseline_return_rate,incremental_orders_pct
CMP-0001,Pereira,Frecuente,Tienda,Bienestar,10,431,210413.0,119822.0,0.581,0.964,0.04,6.167
CMP-0002,Bogota,Ocasional,Tienda,Educacion,5,350,121559.0,73102.0,0.82,1.073,0.05,4.441
CMP-0003,Bogota,En riesgo,Digital,Bienestar,15,177,269248.0,180605.0,0.598,0.938,0.048,13.194
CMP-0004,Manizales,Ocasional,Tienda,Bienestar,5,209,224684.0,122226.0,0.674,0.829,0.097,1.817
CMP-0005,Manizales,En riesgo,Tienda,Hogar,25,348,226993.0,121959.0,0.778,0.919,0.02,5.892
CMP-0006,Medellin,Ocasional,Tienda,Tecnologia,0,108,408151.0,214756.0,0.679,0.984,0.056,0.404
CMP-0007,Pereira,En riesgo,Digital,Hogar,5,276,145561.0,107714.0,0.647,1.247,0.019,15.449
CMP-0008,Bogota,Alto valor,Digital,Bienestar,10,366,288715.0,171708.0,0.866,0.977,0.113,12.192
CMP-0009,Bucaramanga,Ocasional,Digital,Tecnologia,5,373,185389.0,125798.0,0.796,0.84,0.098,4.21
CMP-0010,Pereira,Frecuente,Digital,Tecnologia,5,585,328120.0,248523.0,0.928,1.062,0.118,12.923
CMP-0011,Manizales,Ocasional,Digital,Hogar,15,679,282382.0,192209.0,0.812,1.214,0.111,5.023
CMP-0012,Medellin,Ocasional,Digital,Educacion,10,532,288451.0,186346.0,0.768,1.154,0.048,10.316
CMP-0013,Bogota,En riesgo,Tienda,Bienestar,15,129,189133.0,121995.0,0.668,1.176,0.088,10.025
CMP-0014,Bogota,En riesgo,Digital,Bienestar,20,333,202581.0,123668.0,0.906,1.218,0.047,20.389
CMP-0015,Bogota,Frecuente,Tienda,Bienestar,15,532,329544.0,218800.0,0.639,1.086,0.108,8.175
CMP-0016,Bogota,Ocasional,Tienda,Tecnologia,15,448,392810.0,294651.0,0.659,1.248,0.058,8.459
CMP-0017,Manizales,Ocasional,Tienda,Hogar,10,363,296023.0,209919.0,0.929,0.815,0.054,6.752
CMP-0018,Pereira,Frecuente,Digital,Tecnologia,5,350,192693.0,119820.0,0.884,1.176,0.111,11.018
CMP-0019,Medellin,Alto valor,Digital,Educacion,10,331,285420.0,171191.0,0.826,1.186,0.103,14.783
CMP-0020,Manizales,Alto valor,Tienda,Educacion,25,438,442060.0,323609.0,0.568,1.213,0.116,7.555
CMP-0021,Manizales,Ocasional,B2B,Hogar,15,190,267682.0,147918.0,0.607,1.015,0.022,4.091
CMP-0022,Bucaramanga,Frecuente,Digital,Hogar,10,400,369638.0,267581.0,0.775,1.154,0.041,12.377
CMP-0023,Pereira,En riesgo,Tienda,Hogar,10,207,204475.0,118845.0,0.886,0.888,0.047,8.548
CMP-0024,Medellin,Frecuente,Tienda,Educacion,20,502,256844.0,177672.0,0.759,1.071,0.06,5.706
CMP-0025,Bogota,En riesgo,Tienda,Hogar,15,616,306467.0,218662.0,0.558,0.961,0.065,9.852
CMP-0026,Bogota,Frecuente,Digital,Educacion,15,394,289800.0,183872.0,0.633,1.068,0.046,12.499
CMP-0027,Manizales,Ocasional,Tienda,Hogar,20,320,202521.0,114657.0,0.815,1.104,0.098,4.334
CMP-0028,Medellin,Alto valor,Digital,Bienestar,15,663,199286.0,144033.0,0.862,0.956,0.038,15.989
CMP-0029,Manizales,Ocasional,B2B,Bienestar,15,489,334121.0,203213.0,0.565,0.897,0.088,5.617
CMP-0030,Manizales,Ocasional,Digital,Hogar,5,345,349366.0,208559.0,0.569,0.945,0.104,8.317
CMP-0031,Manizales,En riesgo,Digital,Educacion,5,97,373411.0,239881.0,0.668,1.099,0.078,13.158
CMP-0032,Bucaramanga,Ocasional,B2B,Bienestar,25,89,395295.0,246830.0,0.588,1.105,0.052,3.452
CMP-0033,Pereira,Alto valor,Digital,Educacion,15,217,270096.0,184728.0,0.794,1.134,0.035,21.491
CMP-0034,Manizales,Frecuente,Digital,Educacion,10,226,236660.0,130856.0,0.606,0.857,0.029,7.64
CMP-0035,Medellin,Alto valor,Digital,Tecnologia,15,527,361324.0,225671.0,0.842,1.168,0.093,13.292
CMP-0036,Pereira,Alto valor,Digital,Tecnologia,0,390,313480.0,230097.0,0.9,1.11,0.064,5.368
CMP-0037,Medellin,Ocasional,Digital,Bienestar,20,699,186316.0,98497.0,0.987,0.814,0.02,13.811
CMP-0038,Medellin,Ocasional,Digital,Hogar,5,415,182477.0,114917.0,0.977,0.951,0.118,14.281
CMP-0039,Bucaramanga,Ocasional,Tienda,Hogar,20,639,296895.0,201451.0,0.673,1.01,0.085,3.338
CMP-0040,Bogota,En riesgo,Tienda,Tecnologia,15,422,246704.0,180847.0,0.563,0.962,0.104,7.705
CMP-0041,Pereira,Ocasional,Digital,Hogar,10,302,258018.0,170939.0,0.698,0.853,0.061,6.861
CMP-0042,Bogota,Ocasional,Tienda,Hogar,0,523,340440.0,244394.0,0.869,0.893,0.115,4.717
CMP-0043,Bogota,Alto valor,Digital,Hogar,20,358,316928.0,181741.0,0.577,0.811,0.036,4.57
CMP-0044,Bucaramanga,Frecuente,B2B,Bienestar,5,250,359740.0,217526.0,0.712,0.842,0.034,-2.372
CMP-0045,Pereira,Ocasional,Digital,Bienestar,0,373,115135.0,85903.0,0.684,0.92,0.108,8.514
CMP-0046,Medellin,En riesgo,Tienda,Hogar,20,492,279005.0,204408.0,0.649,1.169,0.109,12.491
CMP-0047,Manizales,Alto valor,Digital,Tecnologia,10,312,312102.0,204086.0,0.868,1.037,0.067,15.776
CMP-0048,Medellin,Frecuente,Tienda,Bienestar,10,516,145506.0,92268.0,0.847,0.991,0.028,9.187
CMP-0049,Bogota,Ocasional,Digital,Tecnologia,10,688,210883.0,132488.0,0.791,1.098,0.047,12.849
CMP-0050,Bogota,Alto valor,Tienda,Hogar,20,334,196964.0,105200.0,0.96,1.044,0.094,7.673
CMP-0051,Bogota,Frecuente,Digital,Hogar,10,263,261627.0,192079.0,0.596,0.859,0.104,6.073
CMP-0052,Pereira,En riesgo,B2B,Tecnologia,5,329,382089.0,273712.0,0.617,0.9,0.052,5.778
CMP-0053,Bucaramanga,Ocasional,Tienda,Hogar,10,599,411694.0,259162.0,0.723,0.9,0.021,-0.304
CMP-0054,Manizales,Frecuente,Tienda,Hogar,5,190,198928.0,116784.0,0.845,1.07,0.085,7.724
CMP-0055,Manizales,En riesgo,Tienda,Educacion,10,683,299492.0,180384.0,0.813,1.008,0.093,11.139
CMP-0056,Pereira,Frecuente,B2B,Educacion,5,336,301910.0,165917.0,0.583,0.974,0.06,2.72
CMP-0057,Manizales,En riesgo,Digital,Tecnologia,5,601,289072.0,200393.0,0.981,1.05,0.076,13.019
CMP-0058,Pereira,Frecuente,Digital,Bienestar,10,567,289923.0,189494.0,0.687,1.237,0.119,10.986
CMP-0059,Bogota,Ocasional,Digital,Bienestar,20,565,282781.0,162934.0,0.712,0.941,0.041,2.849
CMP-0060,Bogota,Frecuente,Digital,Hogar,0,643,386568.0,258815.0,0.831,1.034,0.075,7.04
CMP-0061,Medellin,Frecuente,Tienda,Hogar,5,194,342685.0,258732.0,0.975,1.016,0.079,8.257
CMP-0062,Bogota,En riesgo,B2B,Educacion,20,448,180488.0,99156.0,0.848,1.122,0.073,7.503
CMP-0063,Bucaramanga,Alto valor,B2B,Hogar,20,141,319679.0,201409.0,0.98,1.129,0.106,11.785
CMP-0064,Medellin,Alto valor,Tienda,Tecnologia,15,265,326928.0,208776.0,0.634,1.128,0.079,10.546
CMP-0065,Manizales,Frecuente,Tienda,Hogar,10,105,283623.0,158838.0,0.828,0.891,0.068,7.104
CMP-0066,Bucaramanga,Ocasional,B2B,Hogar,10,503,344857.0,223322.0,0.923,1.002,0.028,1.543
CMP-0067,Medellin,Ocasional,B2B,Hogar,5,456,274106.0,182399.0,0.779,1.165,0.089,8.029
CMP-0068,Bucaramanga,En riesgo,Digital,Tecnologia,5,538,275035.0,153404.0,0.713,0.972,0.029,7.75
CMP-0069,Pereira,Frecuente,Tienda,Tecnologia,10,189,269093.0,149921.0,0.993,1.243,0.018,14.28
CMP-0070,Manizales,Frecuente,Tienda,Educacion,15,285,108632.0,78815.0,0.613,0.964,0.066,5.453
CMP-0071,Bogota,Alto valor,Digital,Tecnologia,10,499,253970.0,151044.0,0.735,1.024,0.075,12.063
CMP-0072,Pereira,Ocasional,Digital,Bienestar,15,592,209881.0,140889.0,0.943,1.014,0.12,15.501
CMP-0073,Manizales,En riesgo,B2B,Bienestar,10,629,171016.0,114654.0,0.955,0.995,0.09,13.277
CMP-0074,Pereira,Ocasional,B2B,Bienestar,10,125,367551.0,265152.0,0.991,1.181,0.104,13.501
CMP-0075,Bogota,Ocasional,B2B,Educacion,20,329,297816.0,207749.0,0.948,0.87,0.051,6.147
CMP-0076,Manizales,Frecuente,Tienda,Tecnologia,20,86,257763.0,186037.0,0.573,1.055,0.068,8.181
CMP-0077,Bucaramanga,En riesgo,Digital,Hogar,10,587,217640.0,145830.0,0.968,1.078,0.117,11.919
CMP-0078,Bucaramanga,Frecuente,Digital,Tecnologia,15,156,282213.0,177193.0,0.743,1.183,0.059,13.117
CMP-0079,Manizales,Alto valor,Tienda,Bienestar,10,589,334358.0,205448.0,0.843,1.074,0.1,11.599
CMP-0080,Bogota,Frecuente,Tienda,Bienestar,0,176,197978.0,120958.0,0.727,1.232,0.07,9.007
CMP-0081,Medellin,Alto valor,Tienda,Educacion,20,89,259638.0,161083.0,0.916,1.192,0.039,11.888
CMP-0082,Manizales,Frecuente,Tienda,Hogar,5,624,325105.0,179144.0,0.809,0.957,0.076,7.632
CMP-0083,Pereira,Alto valor,Digital,Tecnologia,10,352,114800.0,71377.0,0.93,1.187,0.038,17.5
CMP-0084,Medellin,Frecuente,Tienda,Educacion,15,343,255682.0,156853.0,0.637,1.231,0.015,14.377
CMP-0085,Bogota,Ocasional,Digital,Bienestar,5,480,227803.0,120348.0,0.633,0.916,0.04,5.439
CMP-0086,Bogota,Frecuente,Digital,Educacion,5,250,249963.0,146486.0,0.748,1.075,0.035,12.571
CMP-0087,Pereira,Frecuente,Digital,Hogar,10,508,222378.0,155766.0,0.552,0.927,0.054,4.067
CMP-0088,Bucaramanga,En riesgo,Digital,Hogar,25,346,270322.0,178063.0,0.862,1.092,0.108,7.469
CMP-0089,Bogota,Ocasional,B2B,Hogar,15,249,404272.0,288440.0,0.683,0.842,0.056,-2.514
CMP-0090,Medellin,Frecuente,Digital,Bienestar,10,324,235706.0,153267.0,0.801,1.13,0.104,15.722
CMP-0091,Manizales,Frecuente,Digital,Tecnologia,0,83,281878.0,204356.0,0.582,0.989,0.073,5.737
CMP-0092,Medellin,En riesgo,Tienda,Educacion,15,266,409606.0,291253.0,0.627,1.064,0.016,14.049
CMP-0093,Medellin,Frecuente,Tienda,Tecnologia,5,446,218749.0,118909.0,0.83,0.812,0.035,3.441
CMP-0094,Bucaramanga,Frecuente,Digital,Hogar,15,165,396101.0,298851.0,0.688,1.113,0.113,11.09
CMP-0095,Medellin,En riesgo,Digital,Hogar,20,153,260399.0,136329.0,0.647,1.023,0.078,12.009
CMP-0096,Bucaramanga,Frecuente,Digital,Bienestar,10,486,393642.0,261080.0,0.653,1.081,0.113,15.646
CMP-0097,Bucaramanga,Ocasional,Tienda,Bienestar,10,345,316265.0,224612.0,0.647,0.942,0.048,10.617
CMP-0098,Bogota,Ocasional,Digital,Educacion,0,164,283033.0,169722.0,0.83,0.866,0.09,5.333
CMP-0099,Bogota,Ocasional,Digital,Educacion,0,543,255078.0,169284.0,0.625,0.996,0.096,3.757
CMP-0100,Pereira,Frecuente,Digital,Tecnologia,10,560,213197.0,129391.0,0.713,1.225,0.117,17.606
CMP-0101,Medellin,Frecuente,Tienda,Tecnologia,20,101,265684.0,142021.0,0.86,0.903,0.017,7.1
CMP-0102,Pereira,Frecuente,Digital,Educacion,10,205,327302.0,170862.0,0.781,1.104,0.115,11.935
CMP-0103,Medellin,Alto valor,Tienda,Hogar,15,309,259017.0,140586.0,0.819,0.822,0.056,9.002
CMP-0104,Pereira,En riesgo,Digital,Tecnologia,15,533,236253.0,128432.0,0.663,1.123,0.103,12.329
CMP-0105,Bogota,Frecuente,Tienda,Educacion,0,125,241191.0,160781.0,0.97,0.907,0.072,3.375
CMP-0106,Bogota,Ocasional,Digital,Bienestar,5,579,334436.0,216115.0,0.736,1.003,0.074,4.661
CMP-0107,Bogota,Ocasional,Digital,Tecnologia,10,278,351887.0,221446.0,0.679,0.965,0.053,11.818
CMP-0108,Bogota,Ocasional,Digital,Educacion,15,157,209964.0,144048.0,0.957,0.851,0.102,11.969
CMP-0109,Manizales,Frecuente,Tienda,Bienestar,10,615,209856.0,109973.0,0.845,0.956,0.043,13.323
CMP-0110,Bogota,Frecuente,B2B,Bienestar,20,133,288452.0,168755.0,0.826,0.958,0.067,2.115
CMP-0111,Bucaramanga,En riesgo,Digital,Educacion,20,160,374565.0,264658.0,0.949,1.035,0.074,20.535
CMP-0112,Bogota,Ocasional,Digital,Hogar,20,668,345949.0,255447.0,0.576,1.238,0.093,5.885
CMP-0113,Manizales,Ocasional,B2B,Hogar,25,402,166111.0,103853.0,0.927,1.012,0.065,0.25
CMP-0114,Manizales,En riesgo,Tienda,Bienestar,20,367,240194.0,129598.0,0.855,1.211,0.086,12.245
CMP-0115,Manizales,Ocasional,Digital,Tecnologia,20,506,190205.0,135368.0,0.712,1.008,0.066,12.412
CMP-0116,Manizales,Alto valor,Digital,Tecnologia,20,470,239937.0,175739.0,0.665,0.848,0.084,10.051
CMP-0117,Pereira,Ocasional,Tienda,Educacion,20,460,380331.0,235531.0,0.597,0.904,0.086,3.285
CMP-0118,Pereira,Alto valor,Tienda,Tecnologia,20,94,153305.0,88672.0,0.973,0.983,0.089,9.093
CMP-0119,Bucaramanga,Ocasional,Tienda,Bienestar,25,422,138585.0,73527.0,0.614,0.946,0.101,-2.346
CMP-0120,Pereira,En riesgo,B2B,Hogar,10,252,197858.0,130955.0,0.667,1.19,0.072,14.698
CMP-0121,Manizales,Frecuente,Digital,Tecnologia,15,580,281548.0,207886.0,0.861,1.105,0.035,16.375
CMP-0122,Bogota,Frecuente,Digital,Bienestar,15,393,306557.0,209284.0,0.87,1.06,0.086,17.461
CMP-0123,Bogota,Alto valor,Digital,Educacion,20,156,292809.0,174555.0,0.622,1.021,0.023,12.215
CMP-0124,Manizales,En riesgo,Digital,Hogar,10,629,348176.0,234773.0,0.916,0.979,0.038,7.845
CMP-0125,Medellin,Alto valor,Digital,Tecnologia,20,256,127769.0,91955.0,0.78,1.075,0.098,9.688
CMP-0126,Manizales,Alto valor,Digital,Tecnologia,20,248,349125.0,221415.0,0.932,0.856,0.061,13.211
CMP-0127,Pereira,Frecuente,Digital,Tecnologia,25,660,236593.0,169575.0,0.589,0.873,0.067,3.371
CMP-0128,Bogota,Alto valor,Tienda,Educacion,10,560,314862.0,193344.0,0.569,0.936,0.119,6.546
CMP-0129,Manizales,Frecuente,Digital,Hogar,15,612,160743.0,97031.0,0.837,0.877,0.04,8.09
CMP-0130,Bogota,Frecuente,Digital,Hogar,20,490,260372.0,171824.0,0.618,1.105,0.017,13.217
CMP-0131,Manizales,Frecuente,Tienda,Tecnologia,25,644,277720.0,175387.0,0.786,0.811,0.027,4.212
CMP-0132,Manizales,Alto valor,Tienda,Hogar,20,151,346681.0,261573.0,0.556,0.872,0.041,7.625
CMP-0133,Pereira,Alto valor,Tienda,Educacion,15,451,141106.0,90863.0,0.901,1.206,0.091,12.934
CMP-0134,Manizales,Frecuente,Tienda,Hogar,15,261,262306.0,160647.0,0.955,1.249,0.096,14.698
CMP-0135,Bogota,Alto valor,Tienda,Bienestar,5,327,178607.0,109805.0,0.927,1.019,0.074,6.46
CMP-0136,Bucaramanga,Ocasional,Digital,Tecnologia,25,227,297912.0,194091.0,0.981,1.023,0.042,7.868
CMP-0137,Bogota,Frecuente,Digital,Tecnologia,10,207,318291.0,192623.0,0.956,1.148,0.07,8.056
CMP-0138,Pereira,Frecuente,Tienda,Bienestar,15,354,356538.0,247258.0,0.75,0.816,0.017,2.778
CMP-0139,Bucaramanga,Frecuente,Digital,Tecnologia,20,649,219873.0,134421.0,0.729,0.992,0.087,9.317
CMP-0140,Manizales,Frecuente,Digital,Hogar,10,473,329542.0,201744.0,0.953,0.845,0.08,18.119
CMP-0141,Medellin,Alto valor,Digital,Hogar,5,296,362068.0,241888.0,0.967,0.98,0.017,7.552
CMP-0142,Bucaramanga,Alto valor,Digital,Tecnologia,5,348,136756.0,73110.0,0.988,1.243,0.101,12.446
CMP-0143,Bucaramanga,En riesgo,Digital,Bienestar,20,408,305926.0,207199.0,0.896,1.139,0.095,16.588
CMP-0144,Manizales,Alto valor,Digital,Educacion,15,231,331888.0,212805.0,0.641,1.243,0.047,20.267
CMP-0145,Medellin,Frecuente,Tienda,Tecnologia,5,403,240596.0,151269.0,0.975,1.136,0.082,11.097
CMP-0146,Medellin,Frecuente,B2B,Educacion,15,511,169192.0,117186.0,0.976,1.074,0.078,12.761
CMP-0147,Pereira,Frecuente,Digital,Bienestar,10,230,330722.0,232160.0,0.85,1.139,0.03,13.125
CMP-0148,Bucaramanga,Frecuente,B2B,Bienestar,20,442,170037.0,122954.0,0.936,1.097,0.035,7.901
CMP-0149,Medellin,Ocasional,Digital,Tecnologia,10,519,246624.0,150429.0,0.803,1.009,0.087,10.809
CMP-0150,Pereira,Ocasional,B2B,Educacion,5,401,256991.0,153806.0,0.975,0.932,0.113,3.235
CMP-0151,Medellin,Frecuente,B2B,Tecnologia,5,261,313665.0,216881.0,0.592,1.034,0.076,6.392
CMP-0152,Bucaramanga,Frecuente,Digital,Educacion,15,423,213003.0,140504.0,0.939,0.916,0.075,8.072
CMP-0153,Medellin,Frecuente,Tienda,Bienestar,10,571,208656.0,140140.0,0.575,1.019,0.083,10.145
CMP-0154,Bucaramanga,Frecuente,B2B,Hogar,20,217,267419.0,174711.0,0.703,0.866,0.061,4.573
CMP-0155,Manizales,Ocasional,B2B,Tecnologia,10,436,335479.0,236663.0,0.611,1.054,0.021,4.8
CMP-0156,Bogota,Frecuente,B2B,Bienestar,10,501,431559.0,244094.0,0.766,0.91,0.057,1.965
CMP-0157,Pereira,Frecuente,Tienda,Tecnologia,10,279,146939.0,96006.0,0.655,0.932,0.11,4.583
CMP-0158,Manizales,En riesgo,Digital,Bienestar,10,320,283651.0,158261.0,0.978,1.025,0.1,19.707
CMP-0159,Manizales,Alto valor,Tienda,Educacion,20,631,178510.0,110273.0,0.802,0.873,0.112,7.859
CMP-0160,Bogota,Frecuente,Tienda,Hogar,5,305,336411.0,228544.0,0.954,1.233,0.031,12.287
CMP-0161,Medellin,Ocasional,Tienda,Tecnologia,25,450,189609.0,121035.0,0.675,1.001,0.068,0.252
CMP-0162,Bogota,Alto valor,Digital,Tecnologia,10,172,209401.0,127966.0,0.562,0.959,0.076,10.726
CMP-0163,Manizales,Alto valor,Tienda,Tecnologia,5,654,215805.0,158054.0,0.899,0.813,0.037,3.632
CMP-0164,Manizales,Alto valor,Digital,Tecnologia,10,450,254285.0,179393.0,0.866,1.179,0.036,16.478
CMP-0165,Manizales,En riesgo,Tienda,Tecnologia,0,551,284240.0,183707.0,0.795,1.082,0.097,7.927
CMP-0166,Medellin,Alto valor,Digital,Bienestar,20,453,296278.0,221619.0,0.917,0.987,0.086,14.248
CMP-0167,Bucaramanga,Alto valor,Tienda,Hogar,15,300,259567.0,161411.0,0.928,0.91,0.083,8.873
CMP-0168,Pereira,Alto valor,Tienda,Educacion,10,290,160258.0,113645.0,0.815,1.135,0.043,11.747
CMP-0169,Bucaramanga,Alto valor,Digital,Educacion,15,514,314584.0,176263.0,0.985,1.225,0.068,19.697
CMP-0170,Pereira,Ocasional,Tienda,Educacion,15,613,256028.0,150696.0,0.874,0.971,0.017,8.054
CMP-0171,Pereira,Frecuente,Digital,Bienestar,25,159,347130.0,208674.0,0.855,0.861,0.029,5.84
CMP-0172,Pereira,Ocasional,B2B,Hogar,25,604,206920.0,112853.0,0.713,0.849,0.069,5.058
CMP-0173,Bogota,Ocasional,Tienda,Educacion,15,594,139829.0,89551.0,0.551,0.803,0.048,1.056
CMP-0174,Bogota,Ocasional,Digital,Tecnologia,20,147,257448.0,145752.0,0.658,1.135,0.116,12.818
CMP-0175,Bogota,Alto valor,Digital,Hogar,20,147,357196.0,240109.0,0.894,1.242,0.065,12.96
CMP-0176,Manizales,En riesgo,Digital,Hogar,15,510,272071.0,153889.0,0.869,1.247,0.024,20.245
CMP-0177,Bogota,Ocasional,Digital,Bienestar,15,602,245025.0,134676.0,0.699,1.153,0.017,13.733
CMP-0178,Pereira,Alto valor,B2B,Bienestar,0,324,194724.0,146546.0,0.832,0.873,0.091,0.78
CMP-0179,Medellin,Ocasional,Tienda,Educacion,20,477,391832.0,265654.0,0.638,1.24,0.033,4.962
CMP-0180,Manizales,En riesgo,Digital,Educacion,25,699,182780.0,136125.0,0.669,0.948,0.035,2.996
CMP-0181,Medellin,Frecuente,B2B,Hogar,5,280,205595.0,131082.0,0.976,0.95,0.059,5.091
CMP-0182,Pereira,En riesgo,Digital,Educacion,20,219,302753.0,159858.0,0.736,1.109,0.043,15.658
CMP-0183,Manizales,Frecuente,B2B,Tecnologia,25,694,120798.0,79467.0,0.66,0.822,0.08,-2.585
CMP-0184,Bogota,Ocasional,Digital,Educacion,5,253,355594.0,232558.0,0.769,1.172,0.066,10.378
CMP-0185,Manizales,En riesgo,Tienda,Tecnologia,15,373,306814.0,160646.0,0.724,1.249,0.027,10.494
CMP-0186,Manizales,Frecuente,B2B,Educacion,20,354,327442.0,237952.0,0.878,1.149,0.097,8.785
CMP-0187,Pereira,Ocasional,Digital,Hogar,25,404,301859.0,201881.0,0.983,1.152,0.06,6.581
CMP-0188,Bucaramanga,Frecuente,Tienda,Educacion,5,246,247916.0,173225.0,0.816,0.976,0.079,6.961
CMP-0189,Bucaramanga,Ocasional,B2B,Tecnologia,10,500,180264.0,115106.0,0.816,0.83,0.015,3.147
CMP-0190,Bucaramanga,Ocasional,Digital,Hogar,15,509,249494.0,166766.0,0.714,1.157,0.081,8.6
CMP-0191,Bogota,Frecuente,Digital,Educacion,5,204,186857.0,108712.0,0.804,1.069,0.045,8.842
CMP-0192,Bogota,Frecuente,Tienda,Tecnologia,10,378,296462.0,223444.0,0.694,1.209,0.067,8.388
CMP-0193,Bogota,Frecuente,Digital,Hogar,0,115,320508.0,197489.0,0.55,0.852,0.046,-1.748
CMP-0194,Bucaramanga,Alto valor,Digital,Tecnologia,5,216,370761.0,207240.0,0.94,0.937,0.12,14.862
CMP-0195,Medellin,Alto valor,Digital,Hogar,15,692,287883.0,153562.0,0.743,0.962,0.039,11.853
CMP-0196,Pereira,Frecuente,Tienda,Hogar,15,393,329343.0,221543.0,0.771,1.107,0.111,4.691
CMP-0197,Bucaramanga,Alto valor,Digital,Bienestar,15,466,237714.0,179715.0,0.588,1.154,0.111,12.022
CMP-0198,Pereira,Alto valor,Digital,Hogar,20,631,224129.0,164733.0,0.927,1.232,0.059,18.941
CMP-0199,Bucaramanga,Ocasional,Tienda,Tecnologia,10,522,295525.0,203471.0,0.627,0.933,0.047,3.453
CMP-0200,Medellin,Ocasional,Tienda,Tecnologia,10,571,231015.0,175050.0,0.735,1.022,0.055,11.822
CMP-0201,Bucaramanga,Ocasional,Tienda,Educacion,0,521,280189.0,194305.0,0.928,0.813,0.119,-1.539
CMP-0202,Medellin,Frecuente,Digital,Educacion,5,389,180411.0,108503.0,0.756,0.914,0.08,9.805
CMP-0203,Manizales,En riesgo,B2B,Tecnologia,10,472,193878.0,128792.0,0.969,0.968,0.072,14.493
CMP-0204,Bogota,Ocasional,Tienda,Tecnologia,5,258,307656.0,165871.0,0.644,1.067,0.019,6.49
CMP-0205,Manizales,Alto valor,Digital,Tecnologia,0,632,326502.0,187152.0,0.872,1.012,0.104,4.391
CMP-0206,Bucaramanga,Alto valor,B2B,Educacion,5,191,186076.0,115406.0,0.99,0.964,0.024,5.965
CMP-0207,Bogota,Ocasional,Digital,Bienestar,15,628,310296.0,176384.0,0.797,1.081,0.02,15.047
CMP-0208,Medellin,Alto valor,Digital,Educacion,15,624,220045.0,164778.0,0.861,1.173,0.044,14.2
CMP-0209,Bucaramanga,Frecuente,Digital,Hogar,25,168,261238.0,198265.0,0.727,0.909,0.065,8.805
CMP-0210,Bogota,En riesgo,Tienda,Bienestar,20,520,366271.0,223068.0,0.888,0.954,0.109,9.99
CMP-0211,Bucaramanga,Alto valor,Digital,Tecnologia,15,693,320562.0,221256.0,0.959,1.117,0.098,17.059
CMP-0212,Bogota,Alto valor,Digital,Bienestar,5,434,319690.0,197526.0,0.866,1.15,0.036,9.842
CMP-0213,Bogota,En riesgo,Digital,Bienestar,15,291,403159.0,223141.0,0.971,1.171,0.054,16.72
CMP-0214,Manizales,Ocasional,Digital,Hogar,0,625,207209.0,124504.0,0.815,0.894,0.097,0.864
CMP-0215,Bogota,Alto valor,Digital,Bienestar,10,397,186059.0,107172.0,0.81,1.043,0.07,14.681
CMP-0216,Bucaramanga,En riesgo,Tienda,Bienestar,10,155,205841.0,123245.0,0.687,1.205,0.033,13.655
CMP-0217,Pereira,En riesgo,Digital,Hogar,10,234,240912.0,137707.0,0.869,0.976,0.057,16.086
CMP-0218,Pereira,Frecuente,Digital,Tecnologia,10,503,83409.0,45621.0,0.947,0.993,0.081,11.82
CMP-0219,Manizales,Ocasional,Tienda,Tecnologia,15,362,244443.0,139866.0,0.841,1.243,0.117,9.006
CMP-0220,Medellin,Frecuente,Digital,Educacion,20,214,219157.0,161603.0,0.655,0.851,0.084,8.366
CMP-0221,Pereira,Alto valor,Tienda,Hogar,20,575,318782.0,172287.0,0.795,1.118,0.017,8.431
CMP-0222,Manizales,Ocasional,Digital,Hogar,15,154,286431.0,171269.0,0.89,1.183,0.089,16.847
CMP-0223,Bogota,Frecuente,Digital,Bienestar,15,215,214948.0,139034.0,0.973,0.868,0.041,11.973
CMP-0224,Bucaramanga,Ocasional,Digital,Hogar,0,368,304247.0,184095.0,0.62,1.122,0.106,3.379
CMP-0225,Bogota,Ocasional,Digital,Hogar,15,104,314245.0,202445.0,0.607,1.011,0.055,10.522
CMP-0226,Bucaramanga,Alto valor,Digital,Bienestar,15,320,202359.0,107335.0,0.736,1.184,0.036,15.239
CMP-0227,Medellin,Ocasional,Tienda,Bienestar,10,644,223023.0,150687.0,0.607,1.208,0.064,4.066
CMP-0228,Manizales,Frecuente,Digital,Bienestar,10,663,93098.0,61001.0,0.991,1.193,0.042,13.01
CMP-0229,Manizales,En riesgo,Tienda,Tecnologia,25,620,178201.0,121788.0,0.741,0.829,0.04,8.203
CMP-0230,Pereira,Frecuente,Tienda,Hogar,15,280,204315.0,134059.0,0.79,1.141,0.075,11.658
CMP-0231,Manizales,Ocasional,Digital,Hogar,10,120,265562.0,166002.0,0.652,1.215,0.096,6.988
CMP-0232,Medellin,Ocasional,Tienda,Bienestar,15,585,189096.0,114221.0,0.752,1.08,0.103,9.835
CMP-0233,Pereira,Frecuente,Digital,Tecnologia,10,311,221491.0,127212.0,0.993,1.07,0.057,12.967
CMP-0234,Bogota,Ocasional,Digital,Tecnologia,10,544,168100.0,107587.0,0.77,0.82,0.022,5.574
CMP-0235,Manizales,Ocasional,Digital,Educacion,10,153,272834.0,143579.0,0.554,1.185,0.066,7.253
CMP-0236,Bogota,Ocasional,Tienda,Bienestar,10,494,291929.0,174800.0,0.659,0.821,0.061,7.333
CMP-0237,Bogota,Ocasional,B2B,Educacion,15,443,290177.0,198101.0,0.99,0.941,0.036,2.327
CMP-0238,Manizales,En riesgo,Digital,Hogar,0,650,260927.0,142490.0,0.995,1.217,0.109,10.46
CMP-0239,Bucaramanga,Frecuente,Tienda,Educacion,20,143,144420.0,77278.0,0.645,1.227,0.117,10.117
CMP-0240,Bogota,Frecuente,Tienda,Hogar,10,332,213503.0,144440.0,0.827,1.246,0.02,17.067
CMP-0241,Pereira,Alto valor,Digital,Bienestar,15,693,229452.0,141220.0,0.585,1.014,0.099,13.61
CMP-0242,Manizales,Ocasional,Tienda,Tecnologia,15,321,229753.0,163685.0,0.81,0.88,0.083,4.603
CMP-0243,Pereira,Frecuente,Tienda,Educacion,15,487,265624.0,197878.0,0.607,1.02,0.042,12.602
CMP-0244,Bogota,Frecuente,B2B,Hogar,15,179,366916.0,275073.0,0.918,0.846,0.082,3.749
CMP-0245,Bogota,Alto valor,B2B,Educacion,25,531,320907.0,199650.0,0.973,1.193,0.029,9.935
CMP-0246,Pereira,En riesgo,Digital,Hogar,15,250,185936.0,108482.0,0.628,1.052,0.022,15.268
CMP-0247,Bogota,Frecuente,Digital,Educacion,20,434,310880.0,207067.0,0.758,0.982,0.119,7.891
CMP-0248,Manizales,Ocasional,Tienda,Hogar,15,625,308023.0,206611.0,0.596,0.836,0.082,6.471
CMP-0249,Bogota,Alto valor,Digital,Tecnologia,10,489,199545.0,133568.0,0.703,0.982,0.042,10.923
CMP-0250,Pereira,En riesgo,Digital,Tecnologia,10,374,323665.0,193301.0,0.579,1.19,0.062,16.687
CMP-0251,Pereira,Alto valor,B2B,Bienestar,10,197,247972.0,132739.0,0.669,1.117,0.115,4.519
CMP-0252,Manizales,Alto valor,Digital,Tecnologia,10,291,154253.0,87986.0,0.996,0.837,0.061,14.194
CMP-0253,Pereira,En riesgo,Digital,Hogar,10,606,294140.0,163854.0,0.57,0.872,0.11,9.69
CMP-0254,Bucaramanga,En riesgo,Tienda,Bienestar,10,213,276272.0,151877.0,0.937,0.977,0.106,16.116
CMP-0255,Bogota,Frecuente,Digital,Hogar,15,486,242924.0,180325.0,0.585,0.846,0.051,8.413
CMP-0256,Pereira,Frecuente,Digital,Tecnologia,5,380,257191.0,134594.0,0.788,1.22,0.088,15.859
CMP-0257,Bogota,Ocasional,B2B,Bienestar,20,278,206069.0,136921.0,0.753,1.094,0.084,7.575
CMP-0258,Pereira,En riesgo,Digital,Bienestar,10,524,305760.0,228523.0,0.969,0.843,0.096,13.728
CMP-0259,Pereira,Frecuente,Digital,Bienestar,15,304,256741.0,155691.0,0.64,1.155,0.053,14.942
CMP-0260,Manizales,Frecuente,Digital,Educacion,5,257,272484.0,176162.0,0.631,0.966,0.02,10.115
CMP-0261,Bogota,Ocasional,B2B,Tecnologia,10,408,286786.0,197018.0,0.887,0.91,0.033,7.476
CMP-0262,Pereira,Ocasional,Digital,Hogar,0,549,173406.0,103371.0,0.877,1.056,0.08,-0.601
CMP-0263,Bucaramanga,Ocasional,Tienda,Tecnologia,15,615,192929.0,122440.0,0.865,0.806,0.096,3.828
CMP-0264,Medellin,Ocasional,Digital,Educacion,10,470,94254.0,67496.0,0.562,1.009,0.094,12.294
CMP-0265,Medellin,Alto valor,Digital,Bienestar,25,490,302356.0,211312.0,0.667,1.18,0.076,6.768
CMP-0266,Manizales,En riesgo,B2B,Tecnologia,10,568,169084.0,120731.0,0.928,1.218,0.024,16.684
CMP-0267,Manizales,En riesgo,Tienda,Bienestar,15,246,269943.0,204336.0,0.82,0.954,0.017,13.936
CMP-0268,Bucaramanga,Ocasional,B2B,Tecnologia,10,235,287824.0,175250.0,0.821,1.089,0.097,5.676
CMP-0269,Bogota,Alto valor,Digital,Hogar,15,380,305176.0,213410.0,0.683,0.902,0.073,6.012
CMP-0270,Manizales,Frecuente,Tienda,Bienestar,10,471,169699.0,112793.0,0.667,1.052,0.097,7.286
CMP-0271,Bucaramanga,Ocasional,B2B,Bienestar,10,480,255113.0,173473.0,0.976,0.914,0.032,12.824
CMP-0272,Pereira,Alto valor,Digital,Educacion,5,175,385271.0,268753.0,0.877,1.057,0.058,10.291
CMP-0273,Pereira,En riesgo,Digital,Bienestar,5,563,388574.0,271976.0,0.607,0.877,0.112,6.892
CMP-0274,Medellin,Frecuente,B2B,Educacion,5,305,334049.0,244717.0,0.972,1.224,0.033,7.262
CMP-0275,Manizales,Ocasional,Digital,Bienestar,25,623,285312.0,172282.0,0.812,1.199,0.021,12.224
CMP-0276,Manizales,En riesgo,Tienda,Tecnologia,10,529,184617.0,124955.0,0.7,0.952,0.084,9.789
CMP-0277,Manizales,Frecuente,B2B,Tecnologia,0,689,313897.0,184342.0,0.729,1.149,0.077,1.35
CMP-0278,Bogota,Frecuente,Digital,Educacion,25,471,248148.0,164447.0,0.876,0.843,0.115,10.586
CMP-0279,Pereira,Ocasional,Digital,Tecnologia,0,407,302040.0,211513.0,0.719,1.133,0.11,6.944
CMP-0280,Pereira,Ocasional,Digital,Hogar,10,196,212537.0,150867.0,0.81,0.927,0.094,7.095
CMP-0281,Bucaramanga,Frecuente,Digital,Tecnologia,15,327,247030.0,153364.0,0.87,0.861,0.017,7.859
CMP-0282,Manizales,Ocasional,Digital,Hogar,20,612,272311.0,174849.0,0.638,1.105,0.065,12.496
CMP-0283,Bogota,En riesgo,Tienda,Bienestar,15,316,278471.0,167117.0,0.975,1.011,0.109,14.083
CMP-0284,Manizales,Frecuente,Digital,Tecnologia,10,113,297029.0,166505.0,0.71,1.039,0.061,7.268
CMP-0285,Manizales,Alto valor,Tienda,Hogar,25,231,216560.0,126152.0,0.739,1.034,0.116,1.692
CMP-0286,Medellin,Frecuente,Digital,Educacion,0,449,159254.0,117675.0,0.864,0.827,0.084,1.325
CMP-0287,Pereira,Frecuente,Digital,Tecnologia,25,470,381859.0,226882.0,0.824,0.823,0.026,2.447
CMP-0288,Manizales,Alto valor,Digital,Tecnologia,20,689,446694.0,336782.0,0.748,1.071,0.068,7.1
CMP-0289,Manizales,Alto valor,Tienda,Hogar,20,658,293557.0,169662.0,0.842,1.081,0.088,8.222
CMP-0290,Manizales,Ocasional,Digital,Educacion,10,409,160701.0,111452.0,0.956,0.821,0.022,7.138
CMP-0291,Medellin,Frecuente,Digital,Hogar,5,423,202010.0,132870.0,0.91,0.97,0.051,9.164
CMP-0292,Bucaramanga,En riesgo,B2B,Bienestar,15,576,298184.0,204926.0,0.921,1.076,0.09,17.563
CMP-0293,Medellin,Frecuente,Tienda,Tecnologia,15,110,360584.0,243232.0,0.666,1.096,0.031,9.02
CMP-0294,Bucaramanga,Alto valor,Digital,Bienestar,15,449,169033.0,116569.0,0.739,1.173,0.052,14.877
CMP-0295,Manizales,Ocasional,B2B,Tecnologia,20,373,250675.0,184831.0,0.799,0.989,0.087,6.741
CMP-0296,Manizales,En riesgo,Digital,Bienestar,15,565,274695.0,179989.0,0.57,1.047,0.096,12.65
CMP-0297,Medellin,Frecuente,Digital,Tecnologia,10,576,324843.0,174208.0,0.896,1.06,0.069,14.662
CMP-0298,Manizales,Frecuente,Digital,Educacion,10,486,234230.0,137024.0,0.696,0.94,0.115,11.081
CMP-0299,Bucaramanga,Alto valor,Digital,Hogar,5,487,142714.0,98469.0,0.677,0.824,0.112,8.453
CMP-0300,Pereira,Frecuente,Digital,Tecnologia,5,508,306590.0,195781.0,0.667,0.802,0.065,13.994
CMP-0301,Bucaramanga,Frecuente,Tienda,Hogar,5,439,344360.0,224403.0,0.678,1.176,0.032,10.889
CMP-0302,Medellin,Frecuente,Digital,Tecnologia,20,221,253806.0,168319.0,0.702,0.89,0.096,5.721
CMP-0303,Pereira,Alto valor,Tienda,Tecnologia,15,256,290393.0,177671.0,0.822,1.084,0.041,13.565
CMP-0304,Medellin,Frecuente,B2B,Bienestar,15,539,224413.0,158376.0,0.813,1.06,0.103,6.938
CMP-0305,Manizales,En riesgo,Tienda,Hogar,10,463,196567.0,136348.0,0.665,0.98,0.077,11.743
CMP-0306,Pereira,Ocasional,Tienda,Hogar,15,227,336982.0,233000.0,0.643,1.175,0.056,5.161
CMP-0307,Bucaramanga,Frecuente,Tienda,Educacion,20,624,289062.0,199937.0,0.922,1.114,0.073,7.816
CMP-0308,Manizales,Alto valor,B2B,Tecnologia,20,687,296778.0,217742.0,0.592,0.81,0.071,5.261
CMP-0309,Bucaramanga,Frecuente,Digital,Hogar,15,468,372659.0,247033.0,0.781,1.15,0.112,16.74
CMP-0310,Pereira,Frecuente,Digital,Tecnologia,20,221,180887.0,136044.0,0.784,1.028,0.038,12.553
CMP-0311,Bogota,Ocasional,Tienda,Hogar,15,661,218598.0,119924.0,0.808,0.956,0.112,10.266
CMP-0312,Bogota,En riesgo,Tienda,Hogar,10,226,271845.0,182590.0,0.949,1.127,0.018,15.859
CMP-0313,Pereira,En riesgo,Digital,Tecnologia,20,348,217677.0,150646.0,0.831,1.109,0.096,15.515
CMP-0314,Bucaramanga,En riesgo,Tienda,Tecnologia,10,612,318735.0,202248.0,0.988,0.94,0.112,11.51
CMP-0315,Bucaramanga,En riesgo,Digital,Educacion,10,402,245945.0,144903.0,0.942,1.242,0.056,20.914
CMP-0316,Bogota,En riesgo,B2B,Tecnologia,10,230,185560.0,120987.0,0.647,1.092,0.023,13.042
CMP-0317,Bogota,Alto valor,Digital,Educacion,15,129,264933.0,160957.0,0.659,1.073,0.099,13.246
CMP-0318,Bogota,Alto valor,Digital,Educacion,15,303,272775.0,201360.0,0.705,0.831,0.104,10.621
CMP-0319,Medellin,Frecuente,Digital,Hogar,15,496,330101.0,199919.0,0.726,0.926,0.05,15.225
CMP-0320,Bogota,Ocasional,Digital,Hogar,10,523,289486.0,162740.0,0.799,1.001,0.069,10.396
CMP-0321,Bucaramanga,Alto valor,Digital,Educacion,5,218,294586.0,193936.0,0.655,1.084,0.1,11.234
CMP-0322,Pereira,Ocasional,Digital,Educacion,20,178,284022.0,174684.0,0.65,1.031,0.035,9.825
CMP-0323,Bogota,Ocasional,Digital,Tecnologia,10,514,245883.0,133518.0,0.722,1.143,0.081,11.191
CMP-0324,Medellin,Frecuente,Digital,Educacion,20,178,206284.0,135232.0,0.852,0.918,0.06,8.143
CMP-0325,Medellin,Alto valor,Digital,Educacion,5,119,281663.0,182823.0,0.86,1.116,0.033,14.312
CMP-0326,Bucaramanga,Frecuente,Digital,Tecnologia,15,381,235016.0,131977.0,0.989,1.167,0.102,15.929
CMP-0327,Bucaramanga,Alto valor,Digital,Tecnologia,15,433,386737.0,256574.0,0.641,1.144,0.049,19.284
CMP-0328,Pereira,En riesgo,Digital,Bienestar,20,231,360664.0,236655.0,0.727,1.147,0.113,16.761
CMP-0329,Pereira,Ocasional,Digital,Tecnologia,5,210,307463.0,216966.0,0.984,1.2,0.075,10.713
CMP-0330,Manizales,Ocasional,Digital,Bienestar,20,226,288385.0,174985.0,0.861,0.838,0.069,10.09
CMP-0331,Manizales,Frecuente,Digital,Tecnologia,15,292,253403.0,146898.0,0.817,1.114,0.059,14.701
CMP-0332,Bucaramanga,Frecuente,Tienda,Bienestar,15,85,165416.0,123779.0,0.793,1.236,0.057,16.258
CMP-0333,Bucaramanga,Frecuente,B2B,Tecnologia,15,87,243787.0,159606.0,0.584,1.058,0.101,5.61
CMP-0334,Medellin,Ocasional,B2B,Tecnologia,0,309,267605.0,140898.0,0.952,0.898,0.086,1.12
CMP-0335,Manizales,Ocasional,Tienda,Tecnologia,15,92,277209.0,198751.0,0.831,1.249,0.096,11.324
CMP-0336,Medellin,Frecuente,Tienda,Tecnologia,10,277,295215.0,167453.0,0.807,0.879,0.059,8.222
CMP-0337,Medellin,En riesgo,Digital,Bienestar,10,440,329100.0,233216.0,0.793,0.951,0.042,11.318
CMP-0338,Bucaramanga,Alto valor,Tienda,Tecnologia,15,99,208088.0,143423.0,0.726,0.877,0.024,10.804
CMP-0339,Bucaramanga,En riesgo,Tienda,Educacion,15,463,208769.0,157102.0,0.665,1.009,0.097,12.385
CMP-0340,Medellin,Alto valor,Tienda,Bienestar,5,465,368814.0,277252.0,0.89,0.988,0.059,13.095
CMP-0341,Bogota,Frecuente,B2B,Hogar,0,435,317824.0,186200.0,0.779,1.021,0.068,1.988
CMP-0342,Bucaramanga,Ocasional,Digital,Educacion,5,468,230692.0,162395.0,0.565,1.218,0.064,7.67
CMP-0343,Bogota,Alto valor,Tienda,Bienestar,5,581,251959.0,150179.0,0.73,1.015,0.06,10.584
CMP-0344,Manizales,Frecuente,Tienda,Bienestar,15,123,252296.0,169293.0,0.968,1.032,0.087,9.491
CMP-0345,Medellin,Frecuente,Digital,Tecnologia,5,184,262368.0,174070.0,0.718,1.199,0.079,14.515
CMP-0346,Bucaramanga,Frecuente,B2B,Bienestar,20,276,295451.0,157502.0,0.736,1.168,0.117,11.421
CMP-0347,Medellin,Ocasional,Digital,Bienestar,5,506,450124.0,234625.0,0.831,0.908,0.03,11.017
CMP-0348,Medellin,En riesgo,B2B,Educacion,5,621,274232.0,146402.0,0.911,0.806,0.075,8.046
CMP-0349,Pereira,En riesgo,Tienda,Hogar,20,649,309695.0,170551.0,0.851,1.083,0.022,11.044
CMP-0350,Pereira,Frecuente,Digital,Bienestar,10,440,133514.0,77683.0,0.933,1.18,0.1,15.611
CMP-0351,Manizales,Frecuente,Tienda,Hogar,10,334,223633.0,164967.0,0.601,1.049,0.08,9.311
CMP-0352,Pereira,Frecuente,Digital,Tecnologia,25,335,352161.0,226958.0,0.966,0.895,0.06,6.492
CMP-0353,Bucaramanga,Frecuente,Tienda,Tecnologia,25,117,290174.0,206387.0,0.957,1.134,0.099,12.072
CMP-0354,Manizales,Alto valor,Tienda,Educacion,15,368,80000.0,57696.0,0.784,1.101,0.063,14.017
CMP-0355,Medellin,En riesgo,Tienda,Bienestar,0,397,310552.0,216264.0,0.831,1.054,0.039,4.383
CMP-0356,Medellin,En riesgo,B2B,Hogar,15,209,403862.0,247944.0,0.646,1.189,0.065,16.971
CMP-0357,Pereira,Ocasional,Digital,Bienestar,25,556,110307.0,80229.0,0.752,1.153,0.022,7.997
CMP-0358,Medellin,Frecuente,Digital,Tecnologia,25,583,373954.0,261054.0,0.641,1.101,0.109,4.539
CMP-0359,Pereira,Frecuente,Digital,Tecnologia,5,267,80000.0,55869.0,0.56,1.099,0.092,6.529
CMP-0360,Bogota,Frecuente,Digital,Bienestar,10,646,330350.0,243262.0,0.991,1.098,0.095,19.014
CMP-0361,Medellin,Frecuente,Digital,Bienestar,10,146,259351.0,172126.0,0.667,1.036,0.107,16.295
CMP-0362,Medellin,Frecuente,Digital,Educacion,5,644,83752.0,54176.0,0.817,1.009,0.098,12.909
CMP-0363,Bucaramanga,Alto valor,Digital,Educacion,15,556,293460.0,215294.0,0.685,1.119,0.06,17.917
CMP-0364,Medellin,Alto valor,Digital,Hogar,10,218,346313.0,217855.0,0.717,1.075,0.027,17.004
CMP-0365,Pereira,En riesgo,B2B,Educacion,10,483,287292.0,205349.0,0.729,1.02,0.054,11.616
CMP-0366,Manizales,Frecuente,Digital,Hogar,5,272,303862.0,161935.0,0.701,0.857,0.113,8.137
CMP-0367,Manizales,En riesgo,B2B,Educacion,15,575,229124.0,119216.0,0.837,1.116,0.115,14.059
CMP-0368,Bucaramanga,Alto valor,Digital,Tecnologia,5,179,120396.0,77871.0,0.982,1.091,0.096,16.116
CMP-0369,Pereira,Ocasional,Digital,Tecnologia,10,231,311890.0,167693.0,0.743,0.954,0.036,7.308
CMP-0370,Bogota,Frecuente,Tienda,Tecnologia,5,270,391232.0,295133.0,0.988,0.96,0.035,10.591
CMP-0371,Bucaramanga,Frecuente,Digital,Educacion,25,203,344719.0,179709.0,0.851,0.911,0.107,11.296
CMP-0372,Bogota,Alto valor,Digital,Tecnologia,5,286,110909.0,76789.0,0.823,1.233,0.03,13.75
CMP-0373,Manizales,Alto valor,Tienda,Educacion,15,453,146383.0,84670.0,0.657,1.187,0.076,11.403
CMP-0374,Bucaramanga,En riesgo,Digital,Bienestar,5,472,196552.0,147849.0,0.578,1.052,0.055,12.294
CMP-0375,Medellin,Frecuente,Digital,Tecnologia,0,423,140527.0,85942.0,0.933,0.981,0.047,5.1
CMP-0376,Pereira,Ocasional,Tienda,Educacion,5,197,263314.0,138648.0,0.808,1.132,0.086,3.791
CMP-0377,Bogota,Frecuente,Digital,Tecnologia,0,205,289506.0,152415.0,0.736,1.037,0.116,9.042
CMP-0378,Bogota,Frecuente,Tienda,Tecnologia,5,650,152731.0,99704.0,0.915,1.239,0.097,9.97
CMP-0379,Bucaramanga,Frecuente,Digital,Bienestar,15,235,318285.0,240881.0,0.69,0.825,0.066,9.282
CMP-0380,Bucaramanga,Alto valor,B2B,Hogar,15,143,305083.0,230382.0,0.903,0.815,0.061,6.825
CMP-0381,Pereira,En riesgo,Tienda,Hogar,5,361,218888.0,131540.0,0.698,1.056,0.11,13.149
CMP-0382,Medellin,Ocasional,B2B,Tecnologia,10,84,247061.0,157093.0,0.964,0.891,0.076,9.016
CMP-0383,Medellin,Ocasional,Tienda,Bienestar,15,292,113765.0,61901.0,0.671,1.072,0.067,7.349
CMP-0384,Bucaramanga,Frecuente,Digital,Tecnologia,10,610,235080.0,151703.0,0.612,1.152,0.087,8.773
CMP-0385,Pereira,Alto valor,Tienda,Tecnologia,10,245,260554.0,172989.0,0.864,0.862,0.04,8.902
CMP-0386,Pereira,En riesgo,Digital,Bienestar,0,516,272656.0,158210.0,0.623,0.998,0.022,8.435
CMP-0387,Pereira,Frecuente,Tienda,Hogar,5,383,288416.0,192347.0,0.977,1.11,0.105,10.767
CMP-0388,Medellin,Alto valor,Tienda,Bienestar,10,300,278318.0,204822.0,0.845,1.175,0.079,13.763
CMP-0389,Medellin,Frecuente,Digital,Tecnologia,25,490,240174.0,124946.0,0.654,1.023,0.032,7.383
CMP-0390,Pereira,Ocasional,B2B,Bienestar,25,449,281465.0,161826.0,0.644,0.893,0.046,1.759
CMP-0391,Bogota,Ocasional,Digital,Educacion,25,277,335152.0,191164.0,0.966,1.064,0.119,8.463
CMP-0392,Pereira,Ocasional,Tienda,Hogar,10,218,252838.0,138993.0,0.824,1.005,0.082,9.476
CMP-0393,Bucaramanga,Ocasional,Tienda,Hogar,5,648,283820.0,158900.0,0.952,1.147,0.082,6.2
CMP-0394,Manizales,Frecuente,Digital,Bienestar,10,184,246037.0,164899.0,0.6,1.05,0.023,17.897
CMP-0395,Bogota,En riesgo,Tienda,Bienestar,10,674,211493.0,115189.0,0.966,0.926,0.117,11.762
CMP-0396,Medellin,Frecuente,Tienda,Tecnologia,0,372,299216.0,208628.0,0.784,1.139,0.109,5.55
CMP-0397,Pereira,Ocasional,Digital,Bienestar,5,697,218358.0,160031.0,0.851,1.033,0.073,10.764
CMP-0398,Pereira,Alto valor,Tienda,Tecnologia,10,298,288961.0,214519.0,0.718,0.88,0.047,7.619
CMP-0399,Bucaramanga,En riesgo,Digital,Bienestar,10,430,262119.0,177833.0,0.577,1.053,0.088,13.102
CMP-0400,Bucaramanga,Frecuente,Tienda,Educacion,5,461,237205.0,134584.0,0.981,1.227,0.103,11.664
CMP-0401,Medellin,Alto valor,Digital,Bienestar,15,289,235389.0,127221.0,0.998,1.117,0.098,14.454
CMP-0402,Bogota,Frecuente,B2B,Educacion,10,215,221891.0,127739.0,0.714,0.934,0.118,7.618
CMP-0403,Bucaramanga,Alto valor,B2B,Hogar,20,402,136565.0,102542.0,0.975,1.12,0.082,6.844
CMP-0404,Medellin,Alto valor,Digital,Educacion,10,491,288717.0,216816.0,0.625,0.927,0.049,15.913
CMP-0405,Manizales,Ocasional,Digital,Educacion,15,242,277366.0,169654.0,0.62,1.044,0.067,11.952
CMP-0406,Manizales,Frecuente,Tienda,Educacion,5,555,323725.0,193649.0,0.583,1.037,0.101,7.604
CMP-0407,Manizales,En riesgo,Tienda,Bienestar,15,476,220141.0,141419.0,0.726,0.911,0.043,5.733
CMP-0408,Pereira,Frecuente,Digital,Bienestar,5,183,402154.0,237273.0,0.574,0.957,0.039,5.046
CMP-0409,Medellin,Ocasional,Digital,Bienestar,5,661,231520.0,174825.0,0.728,1.224,0.091,14.251
CMP-0410,Pereira,Frecuente,Digital,Educacion,15,107,194367.0,111390.0,0.612,0.913,0.062,21.212
CMP-0411,Pereira,Ocasional,B2B,Educacion,10,485,185474.0,112878.0,0.879,1.16,0.101,12.429
CMP-0412,Bucaramanga,Ocasional,Digital,Hogar,5,352,129956.0,80969.0,0.925,1.1,0.03,13.557
CMP-0413,Bucaramanga,Frecuente,B2B,Tecnologia,20,485,374947.0,206227.0,0.86,1.04,0.05,9.432
CMP-0414,Pereira,En riesgo,Digital,Tecnologia,0,559,362830.0,222008.0,0.64,0.862,0.043,2.982
CMP-0415,Pereira,Frecuente,B2B,Tecnologia,15,506,305056.0,221353.0,0.895,0.892,0.088,10.672
CMP-0416,Bogota,Alto valor,Digital,Tecnologia,15,483,192793.0,106747.0,0.662,0.881,0.095,8.069
CMP-0417,Medellin,Ocasional,Digital,Tecnologia,10,601,395845.0,261323.0,0.892,1.064,0.063,8.655
CMP-0418,Pereira,Ocasional,B2B,Tecnologia,10,515,233621.0,144283.0,0.805,1.238,0.065,5.788
CMP-0419,Bucaramanga,Alto valor,B2B,Educacion,5,584,239823.0,134524.0,0.715,1.195,0.029,11.629
CMP-0420,Manizales,Frecuente,Digital,Tecnologia,15,329,367794.0,192342.0,0.588,0.811,0.089,7.989
CMP-0421,Medellin,En riesgo,Digital,Bienestar,5,205,309418.0,181196.0,0.922,0.923,0.119,12.787
CMP-0422,Bogota,Ocasional,Digital,Hogar,5,225,425083.0,227351.0,0.973,0.871,0.097,8.287
CMP-0423,Bogota,En riesgo,Digital,Tecnologia,10,459,278654.0,170097.0,0.85,1.239,0.038,14.614
CMP-0424,Manizales,Frecuente,Digital,Bienestar,20,409,230223.0,164483.0,0.984,0.906,0.08,9.601
CMP-0425,Manizales,Ocasional,B2B,Educacion,20,127,214115.0,148322.0,0.97,0.891,0.046,3.933
CMP-0426,Pereira,Frecuente,Digital,Educacion,25,206,121475.0,90787.0,0.638,1.079,0.018,3.381
CMP-0427,Medellin,En riesgo,Tienda,Educacion,15,679,239105.0,148839.0,0.879,1.05,0.034,12.228
CMP-0428,Medellin,Frecuente,Digital,Bienestar,15,530,345845.0,238589.0,0.707,0.902,0.026,7.282
CMP-0429,Pereira,Ocasional,Digital,Bienestar,15,548,304913.0,207244.0,0.769,1.102,0.036,13.387
CMP-0430,Bogota,Frecuente,Tienda,Tecnologia,20,202,261523.0,149615.0,0.621,0.844,0.099,6.81
CMP-0431,Pereira,Ocasional,Digital,Educacion,15,119,185380.0,109904.0,0.989,0.809,0.046,6.605
CMP-0432,Bogota,Ocasional,Tienda,Bienestar,10,260,277015.0,179273.0,0.877,0.837,0.094,5.855
CMP-0433,Medellin,Frecuente,Digital,Hogar,15,611,335961.0,238935.0,0.67,0.964,0.115,15.923
CMP-0434,Pereira,En riesgo,B2B,Hogar,15,394,292304.0,184396.0,0.717,1.239,0.075,10.198
CMP-0435,Manizales,Frecuente,Tienda,Bienestar,5,566,272505.0,156597.0,0.74,1.046,0.066,8.536
CMP-0436,Pereira,Ocasional,B2B,Tecnologia,10,381,200228.0,151859.0,0.886,1.14,0.094,9.198
CMP-0437,Manizales,Frecuente,Digital,Educacion,10,383,325039.0,178036.0,0.967,0.945,0.025,15.845
CMP-0438,Medellin,Frecuente,Digital,Hogar,20,452,80000.0,59953.0,0.695,1.124,0.06,12.314
CMP-0439,Pereira,Frecuente,Digital,Tecnologia,10,674,288713.0,206191.0,0.763,1.235,0.067,13.223
CMP-0440,Bucaramanga,Alto valor,Tienda,Hogar,20,351,452774.0,326602.0,0.817,0.961,0.102,9.821
CMP-0441,Medellin,Alto valor,Digital,Educacion,10,449,146872.0,104394.0,0.727,1.25,0.1,16.016
CMP-0442,Bucaramanga,Ocasional,Digital,Hogar,20,650,241897.0,137872.0,0.777,1.087,0.104,10.033
CMP-0443,Pereira,Ocasional,Digital,Bienestar,5,310,259407.0,174275.0,0.598,1.137,0.088,4.452
CMP-0444,Manizales,Ocasional,Digital,Educacion,20,600,225306.0,158079.0,0.625,0.913,0.071,10.321
CMP-0445,Manizales,Alto valor,Digital,Tecnologia,15,411,337728.0,236060.0,0.73,1.089,0.102,17.258
CMP-0446,Bogota,Frecuente,Digital,Educacion,10,625,295434.0,172881.0,0.962,1.03,0.107,10.841
CMP-0447,Bucaramanga,Alto valor,Digital,Hogar,10,370,271423.0,152938.0,0.707,1.23,0.065,14.537
CMP-0448,Medellin,Ocasional,Tienda,Bienestar,10,470,319795.0,191477.0,0.662,1.207,0.118,8.567
CMP-0449,Manizales,En riesgo,Digital,Tecnologia,10,280,261256.0,165940.0,0.884,0.979,0.107,11.712
CMP-0450,Bucaramanga,Frecuente,Digital,Tecnologia,15,473,498490.0,327860.0,0.977,1.226,0.069,11.405
CMP-0451,Medellin,Ocasional,Tienda,Educacion,25,282,271351.0,195608.0,0.757,1.198,0.022,3.935
CMP-0452,Medellin,Alto valor,Tienda,Educacion,15,457,274646.0,193507.0,0.554,1.066,0.039,8.9
CMP-0453,Manizales,Frecuente,Digital,Educacion,15,569,131715.0,89866.0,0.86,0.837,0.097,6.87
CMP-0454,Pereira,Alto valor,Tienda,Bienestar,10,349,219241.0,127870.0,0.737,0.872,0.027,9.345
CMP-0455,Manizales,Frecuente,B2B,Hogar,20,346,346053.0,219720.0,0.853,0.835,0.064,8.699
CMP-0456,Manizales,Ocasional,Tienda,Tecnologia,20,279,159841.0,95985.0,0.675,0.849,0.079,6.366
CMP-0457,Pereira,En riesgo,B2B,Hogar,10,532,98183.0,56591.0,0.551,1.24,0.107,10.731
CMP-0458,Bogota,Frecuente,Tienda,Bienestar,25,447,262424.0,137106.0,0.705,0.895,0.104,-1.937
CMP-0459,Medellin,Frecuente,Digital,Hogar,10,400,362806.0,218217.0,0.867,1.111,0.095,15.889
CMP-0460,Pereira,Ocasional,Digital,Hogar,20,95,263179.0,153030.0,0.727,1.086,0.058,10.239
CMP-0461,Bogota,En riesgo,Tienda,Tecnologia,25,148,234791.0,154318.0,0.649,1.084,0.03,8.659
CMP-0462,Pereira,Ocasional,B2B,Hogar,15,84,120613.0,64522.0,0.759,0.893,0.085,10.592
CMP-0463,Bogota,Frecuente,Digital,Tecnologia,5,607,293919.0,171921.0,0.889,1.061,0.034,9.041
CMP-0464,Manizales,Ocasional,Digital,Tecnologia,15,608,309596.0,164316.0,0.604,1.081,0.074,1.987
CMP-0465,Pereira,Frecuente,Tienda,Tecnologia,5,122,126370.0,85166.0,0.861,1.057,0.118,5.607
CMP-0466,Medellin,En riesgo,Digital,Bienestar,20,108,345090.0,226505.0,0.85,0.884,0.073,13.869
CMP-0467,Pereira,Frecuente,Tienda,Hogar,10,564,317427.0,190772.0,0.717,1.125,0.083,10.281
CMP-0468,Manizales,Ocasional,Tienda,Tecnologia,15,405,344924.0,191557.0,0.987,0.833,0.086,4.597
CMP-0469,Pereira,Alto valor,Tienda,Bienestar,20,271,303764.0,227793.0,0.953,1.066,0.102,8.141
CMP-0470,Medellin,Frecuente,B2B,Tecnologia,5,461,309026.0,204036.0,0.692,0.996,0.061,3.818
CMP-0471,Bogota,En riesgo,Tienda,Tecnologia,10,226,299054.0,204250.0,0.564,0.913,0.067,5.288
CMP-0472,Medellin,Ocasional,Tienda,Tecnologia,15,202,325135.0,210533.0,0.689,1.163,0.033,10.741
CMP-0473,Manizales,Frecuente,Tienda,Hogar,10,307,123593.0,88192.0,0.642,0.879,0.08,5.427
CMP-0474,Manizales,En riesgo,Tienda,Educacion,5,635,147421.0,108373.0,0.796,1.22,0.046,10.674
CMP-0475,Bogota,En riesgo,B2B,Tecnologia,0,555,204799.0,125307.0,0.963,1.198,0.068,6.174
CMP-0476,Bogota,Frecuente,Digital,Hogar,10,197,250263.0,171582.0,0.942,0.962,0.095,13.509
CMP-0477,Medellin,Frecuente,Tienda,Tecnologia,15,428,289110.0,166288.0,0.688,0.937,0.017,8.181
CMP-0478,Pereira,Frecuente,Digital,Hogar,15,628,284351.0,192348.0,0.743,0.862,0.074,10.719
CMP-0479,Bogota,Ocasional,B2B,Bienestar,5,670,343783.0,211701.0,0.566,1.212,0.033,5.276
CMP-0480,Pereira,Frecuente,Tienda,Hogar,10,553,346137.0,180555.0,0.795,1.082,0.044,10.19
CMP-0481,Bucaramanga,Frecuente,Digital,Bienestar,10,159,194571.0,145797.0,0.579,0.814,0.019,4.836
CMP-0482,Medellin,En riesgo,Digital,Educacion,10,229,277893.0,202425.0,0.972,1.03,0.033,14.316
CMP-0483,Bucaramanga,En riesgo,Digital,Educacion,15,215,196413.0,115844.0,0.94,0.839,0.119,13.044
CMP-0484,Bogota,Ocasional,Tienda,Bienestar,10,173,245881.0,186738.0,0.646,1.058,0.12,13.048
CMP-0485,Manizales,En riesgo,Digital,Bienestar,15,188,284134.0,169376.0,0.865,1.029,0.091,11.979
CMP-0486,Bucaramanga,Ocasional,Digital,Educacion,20,276,80000.0,50410.0,0.806,0.837,0.079,6.375
CMP-0487,Bucaramanga,Ocasional,B2B,Educacion,15,424,440843.0,319304.0,0.911,1.167,0.097,10.101
CMP-0488,Manizales,Ocasional,Tienda,Hogar,15,326,302481.0,179402.0,0.764,0.918,0.109,6.169
CMP-0489,Bogota,Frecuente,Digital,Tecnologia,0,340,215322.0,135250.0,0.636,1.044,0.07,8.008
CMP-0490,Bogota,Frecuente,Digital,Tecnologia,5,232,404553.0,274991.0,0.838,1.088,0.019,10.353
CMP-0491,Medellin,Frecuente,B2B,Educacion,5,173,233943.0,128975.0,0.586,1.233,0.089,6.04
CMP-0492,Medellin,Ocasional,Tienda,Bienestar,20,699,269939.0,167730.0,0.813,1.022,0.118,9.615
CMP-0493,Bogota,Frecuente,Tienda,Hogar,20,451,223466.0,132797.0,0.646,1.213,0.042,14.685
CMP-0494,Bogota,Frecuente,Digital,Hogar,5,222,383899.0,261983.0,0.858,0.96,0.064,13.806
CMP-0495,Bucaramanga,Ocasional,Digital,Hogar,5,582,252126.0,139333.0,0.923,1.186,0.053,11.276
CMP-0496,Manizales,Frecuente,Digital,Educacion,10,594,271211.0,156179.0,0.599,0.906,0.056,8.878
CMP-0497,Pereira,Frecuente,Tienda,Bienestar,15,679,350284.0,241952.0,0.73,1.118,0.091,10.747
CMP-0498,Bucaramanga,Ocasional,Digital,Educacion,15,178,303885.0,169414.0,0.88,0.84,0.055,10.036
CMP-0499,Medellin,En riesgo,Digital,Hogar,15,476,255924.0,159002.0,0.624,1.244,0.114,13.79
CMP-0500,Manizales,Alto valor,Tienda,Hogar,20,687,343279.0,237237.0,0.805,1.229,0.098,15.368
CMP-0501,Pereira,Alto valor,B2B,Tecnologia,10,580,450386.0,316942.0,0.852,0.999,0.018,10.487
CMP-0502,Bogota,Frecuente,Tienda,Educacion,15,219,283806.0,154042.0,0.71,1.036,0.101,9.316
CMP-0503,Medellin,Ocasional,Digital,Bienestar,15,633,268757.0,194709.0,0.924,1.069,0.096,9.213
CMP-0504,Medellin,Ocasional,Digital,Bienestar,10,341,272797.0,189254.0,0.78,0.924,0.069,9.528
CMP-0505,Bucaramanga,Alto valor,Digital,Hogar,20,383,358282.0,215482.0,0.832,1.104,0.067,8.68
CMP-0506,Manizales,Ocasional,Digital,Hogar,5,426,215060.0,151255.0,0.613,1.114,0.103,6.389
CMP-0507,Manizales,Alto valor,Tienda,Educacion,15,558,239126.0,166143.0,0.56,1.036,0.06,8.028
CMP-0508,Bucaramanga,Frecuente,Digital,Hogar,15,154,144692.0,96106.0,0.573,0.866,0.032,9.482
CMP-0509,Bucaramanga,En riesgo,Tienda,Bienestar,20,414,171210.0,111977.0,0.957,1.214,0.048,20.188
CMP-0510,Bucaramanga,Alto valor,B2B,Tecnologia,15,586,221165.0,154004.0,0.947,0.852,0.043,10.972
CMP-0511,Medellin,Alto valor,B2B,Hogar,10,420,255805.0,194366.0,0.913,1.083,0.087,15.524
CMP-0512,Bogota,Frecuente,Digital,Educacion,20,250,392681.0,258719.0,0.64,0.846,0.034,9.472
CMP-0513,Medellin,Ocasional,Digital,Tecnologia,20,114,300199.0,214370.0,0.786,0.866,0.083,10.867
CMP-0514,Medellin,En riesgo,Digital,Tecnologia,15,420,191594.0,133853.0,0.908,0.809,0.064,18.71
CMP-0515,Medellin,En riesgo,Digital,Educacion,20,516,205401.0,148997.0,0.854,0.964,0.103,11.445
CMP-0516,Pereira,Alto valor,Digital,Hogar,10,420,363106.0,271998.0,0.602,1.088,0.066,10.49
CMP-0517,Medellin,Alto valor,Digital,Hogar,15,687,344496.0,195102.0,0.953,1.035,0.113,17.491
CMP-0518,Pereira,Ocasional,Tienda,Bienestar,20,453,262111.0,146706.0,0.622,1.104,0.11,6.583
CMP-0519,Manizales,Frecuente,Digital,Tecnologia,10,395,226811.0,149859.0,0.627,1.104,0.034,12.258
CMP-0520,Manizales,En riesgo,B2B,Tecnologia,15,114,344370.0,216206.0,0.955,0.863,0.087,9.885
CMP-0521,Bucaramanga,Ocasional,Digital,Tecnologia,25,426,185500.0,121869.0,0.768,0.826,0.038,2.278
CMP-0522,Pereira,Alto valor,Digital,Tecnologia,20,184,289402.0,205918.0,0.718,1.081,0.101,17.225
CMP-0523,Pereira,Ocasional,Digital,Tecnologia,20,529,430449.0,320087.0,0.799,1.094,0.082,7.49
CMP-0524,Medellin,Alto valor,Digital,Bienestar,10,179,275402.0,170799.0,0.992,1.051,0.046,17.703
CMP-0525,Bucaramanga,Frecuente,Digital,Hogar,25,642,201829.0,139727.0,0.604,0.911,0.041,6.454
CMP-0526,Bucaramanga,Ocasional,B2B,Tecnologia,5,267,290778.0,164938.0,0.891,1.165,0.06,2.698
CMP-0527,Medellin,Frecuente,Digital,Tecnologia,15,349,224749.0,145703.0,0.7,0.834,0.099,7.112
CMP-0528,Pereira,Ocasional,Digital,Hogar,10,169,155441.0,81643.0,0.603,1.085,0.099,7.833
CMP-0529,Medellin,Ocasional,Tienda,Educacion,20,210,312578.0,200331.0,0.74,0.854,0.019,6.24
CMP-0530,Medellin,En riesgo,Digital,Hogar,20,651,343838.0,223797.0,0.797,1.095,0.047,13.529
CMP-0531,Manizales,En riesgo,Tienda,Tecnologia,20,255,236682.0,164851.0,0.643,0.988,0.059,9.15
CMP-0532,Pereira,Frecuente,Digital,Tecnologia,15,398,231707.0,156606.0,0.732,1.123,0.076,9.113
CMP-0533,Pereira,Alto valor,Tienda,Hogar,10,688,187883.0,113860.0,0.836,0.823,0.031,15.669
CMP-0534,Bucaramanga,Ocasional,Digital,Tecnologia,15,466,248755.0,129695.0,0.809,1.05,0.05,11.706
CMP-0535,Manizales,En riesgo,Digital,Educacion,15,105,217822.0,119305.0,0.875,0.865,0.108,15.283
CMP-0536,Pereira,Frecuente,Tienda,Educacion,0,301,184173.0,138780.0,0.926,1.107,0.065,4.359
CMP-0537,Manizales,Frecuente,B2B,Hogar,15,319,401913.0,297962.0,0.734,0.854,0.093,4.152
CMP-0538,Pereira,Frecuente,Digital,Educacion,20,251,294987.0,176409.0,0.74,0.833,0.066,13.766
CMP-0539,Manizales,Alto valor,Tienda,Hogar,15,229,302930.0,176343.0,0.774,1.121,0.064,7.171
CMP-0540,Pereira,Ocasional,Digital,Tecnologia,20,391,326255.0,203824.0,0.805,0.829,0.08,8.217
CMP-0541,Bogota,Frecuente,Digital,Educacion,10,313,317828.0,217898.0,0.599,0.901,0.042,5.559
CMP-0542,Pereira,Ocasional,Digital,Educacion,15,262,229017.0,138701.0,0.691,1.171,0.041,10.761
CMP-0543,Pereira,Ocasional,Tienda,Hogar,0,336,280441.0,150359.0,0.627,1.164,0.119,0.582
CMP-0544,Pereira,Ocasional,Digital,Bienestar,10,293,239823.0,147892.0,0.724,1.184,0.106,9.214
CMP-0545,Medellin,Frecuente,Tienda,Tecnologia,10,221,292885.0,170617.0,0.988,0.947,0.092,10.602
CMP-0546,Pereira,Frecuente,Digital,Bienestar,10,360,285627.0,170800.0,0.812,1.038,0.029,5.321
CMP-0547,Manizales,Ocasional,B2B,Bienestar,0,664,231300.0,129322.0,0.743,1.148,0.018,0.832
CMP-0548,Manizales,Ocasional,Tienda,Bienestar,15,393,160303.0,108705.0,0.805,0.862,0.033,6.454
CMP-0549,Manizales,Frecuente,Digital,Bienestar,10,450,270968.0,175151.0,0.851,1.126,0.113,10.115
CMP-0550,Bogota,En riesgo,Digital,Bienestar,10,690,244680.0,143139.0,0.746,0.844,0.101,16.325
CMP-0551,Medellin,Alto valor,Digital,Bienestar,10,460,118222.0,77190.0,0.751,1.211,0.07,13.88
CMP-0552,Bucaramanga,En riesgo,B2B,Educacion,15,218,298075.0,190246.0,0.866,1.087,0.117,11.792
CMP-0553,Medellin,Alto valor,Digital,Tecnologia,10,327,332401.0,236348.0,0.577,1.022,0.03,10.052
CMP-0554,Bucaramanga,Alto valor,Tienda,Hogar,10,382,449627.0,336967.0,0.793,1.018,0.074,10.876
CMP-0555,Medellin,Frecuente,Digital,Hogar,15,374,230660.0,127177.0,0.796,0.882,0.034,14.534
CMP-0556,Manizales,Alto valor,Tienda,Bienestar,0,172,219597.0,160775.0,0.891,0.956,0.047,12.157
CMP-0557,Bogota,Alto valor,Digital,Tecnologia,20,145,176793.0,121837.0,0.992,1.127,0.114,17.794
CMP-0558,Medellin,Alto valor,Tienda,Hogar,0,296,275648.0,189153.0,0.908,1.043,0.106,9.49
CMP-0559,Bogota,Frecuente,B2B,Educacion,10,646,275174.0,167810.0,0.777,1.038,0.026,13.005
CMP-0560,Medellin,Ocasional,Digital,Tecnologia,5,524,199153.0,119997.0,0.626,0.888,0.041,6.112
CMP-0561,Manizales,Alto valor,Tienda,Bienestar,15,601,246880.0,128712.0,0.815,1.111,0.077,17.182
CMP-0562,Pereira,Ocasional,Digital,Bienestar,10,188,111600.0,84339.0,0.925,0.976,0.021,13.515
CMP-0563,Manizales,Ocasional,Digital,Hogar,20,336,329478.0,219288.0,0.97,0.882,0.073,9.966
CMP-0564,Pereira,Alto valor,B2B,Tecnologia,10,440,202199.0,124668.0,0.921,1.225,0.076,14.22
CMP-0565,Medellin,Alto valor,Tienda,Tecnologia,15,349,257401.0,167440.0,0.635,1.028,0.046,5.077
CMP-0566,Bucaramanga,En riesgo,Tienda,Hogar,10,338,152998.0,81047.0,0.871,1.038,0.046,13.855
CMP-0567,Bucaramanga,Ocasional,Digital,Tecnologia,0,303,216323.0,121504.0,0.946,1.242,0.039,4.342
CMP-0568,Bucaramanga,Frecuente,Digital,Tecnologia,10,111,239031.0,160056.0,0.856,0.965,0.113,7.486
CMP-0569,Bogota,Ocasional,Digital,Tecnologia,15,611,259153.0,166745.0,0.859,1.224,0.056,14.585
CMP-0570,Manizales,Alto valor,Tienda,Tecnologia,10,658,295980.0,209820.0,0.775,1.113,0.076,8.959
CMP-0571,Medellin,Frecuente,Digital,Educacion,25,130,367931.0,249493.0,0.837,1.085,0.047,9.154
CMP-0572,Manizales,Ocasional,Digital,Bienestar,15,336,314953.0,209238.0,0.682,0.905,0.089,9.021
CMP-0573,Bucaramanga,Frecuente,Digital,Tecnologia,25,401,332162.0,237717.0,0.59,0.823,0.026,4.327
CMP-0574,Pereira,Ocasional,Digital,Bienestar,10,566,368458.0,197635.0,0.922,0.997,0.023,8.985
CMP-0575,Pereira,Frecuente,Digital,Tecnologia,20,691,302728.0,207615.0,0.974,0.805,0.093,12.691
CMP-0576,Bucaramanga,Ocasional,Digital,Hogar,15,338,257247.0,177948.0,0.936,0.832,0.091,9.779
CMP-0577,Medellin,Frecuente,B2B,Tecnologia,15,544,335683.0,196724.0,0.7,1.068,0.043,9.477
CMP-0578,Manizales,Frecuente,Tienda,Tecnologia,25,661,340476.0,193035.0,0.592,1.126,0.052,1.616
CMP-0579,Medellin,Frecuente,Digital,Tecnologia,15,594,308642.0,176335.0,0.676,0.876,0.116,9.217
CMP-0580,Pereira,Frecuente,Tienda,Hogar,20,260,150903.0,85646.0,0.929,1.13,0.026,14.241
CMP-0581,Pereira,Ocasional,Tienda,Hogar,15,586,196890.0,127134.0,0.845,1.227,0.034,14.176
CMP-0582,Medellin,Alto valor,Digital,Hogar,5,335,239386.0,132273.0,0.985,1.134,0.06,12.371
CMP-0583,Pereira,Alto valor,Digital,Bienestar,15,90,318472.0,215997.0,0.704,1.153,0.045,13.273
CMP-0584,Pereira,Alto valor,Digital,Bienestar,15,550,258399.0,140884.0,0.798,1.115,0.083,12.424
CMP-0585,Manizales,Alto valor,Digital,Bienestar,20,597,345265.0,181766.0,0.906,0.901,0.088,10.375
CMP-0586,Medellin,Ocasional,Tienda,Bienestar,20,293,358643.0,213977.0,0.655,0.962,0.07,1.279
CMP-0587,Bogota,Frecuente,B2B,Bienestar,5,359,349938.0,198081.0,0.984,1.227,0.079,9.819
CMP-0588,Pereira,En riesgo,Digital,Hogar,5,305,350416.0,265362.0,0.817,1.098,0.061,15.418
CMP-0589,Medellin,Alto valor,Tienda,Tecnologia,0,152,182225.0,108009.0,0.554,1.155,0.095,2.395
CMP-0590,Medellin,Ocasional,Digital,Hogar,15,696,296198.0,169809.0,0.561,1.236,0.019,11.254
CMP-0591,Medellin,Frecuente,Tienda,Tecnologia,5,94,214435.0,121633.0,0.947,0.904,0.048,6.88
CMP-0592,Medellin,Frecuente,Tienda,Educacion,15,424,136320.0,83118.0,0.84,0.945,0.087,12.48
CMP-0593,Bucaramanga,En riesgo,Digital,Hogar,15,89,238440.0,158659.0,0.893,1.09,0.05,15.035
CMP-0594,Medellin,En riesgo,Digital,Educacion,20,507,359355.0,254304.0,0.903,0.811,0.023,10.496
CMP-0595,Bucaramanga,En riesgo,Tienda,Educacion,10,638,294556.0,178942.0,0.739,1.057,0.051,9.719
CMP-0596,Medellin,Alto valor,B2B,Hogar,15,478,411336.0,275691.0,0.909,1.164,0.09,9.591
CMP-0597,Manizales,Frecuente,Digital,Educacion,5,455,273292.0,173730.0,0.972,1.075,0.028,13.75
CMP-0598,Bogota,Ocasional,Digital,Hogar,20,593,443585.0,320783.0,0.627,0.933,0.091,6.714
CMP-0599,Bogota,Frecuente,Digital,Tecnologia,5,684,273314.0,179450.0,0.894,1.126,0.096,12.333
CMP-0600,Bogota,Ocasional,Tienda,Tecnologia,5,614,261686.0,154283.0,0.689,0.866,0.082,6.779
CMP-0601,Bogota,Ocasional,Tienda,Tecnologia,5,223,164046.0,113005.0,0.695,1.203,0.041,11.039
CMP-0602,Bogota,Ocasional,Tienda,Educacion,20,429,343292.0,246077.0,0.736,0.845,0.1,-0.093
CMP-0603,Bogota,Ocasional,Tienda,Hogar,5,587,222341.0,140454.0,0.939,1.189,0.038,11.15
CMP-0604,Pereira,Ocasional,B2B,Hogar,15,262,211471.0,160069.0,0.56,1.024,0.11,5.584
CMP-0605,Medellin,Alto valor,Tienda,Hogar,20,498,356092.0,260298.0,0.745,0.993,0.089,8.08
CMP-0606,Manizales,Alto valor,Digital,Hogar,20,94,346867.0,196767.0,0.856,1.025,0.021,14.175
CMP-0607,Bucaramanga,Ocasional,Tienda,Educacion,5,623,344904.0,244475.0,0.6,0.89,0.099,-2.131
CMP-0608,Manizales,Frecuente,Digital,Educacion,0,460,232836.0,154656.0,0.907,1.006,0.068,11.076
CMP-0609,Medellin,Frecuente,Digital,Tecnologia,10,540,256177.0,166093.0,0.974,1.182,0.063,17.145
CMP-0610,Medellin,Frecuente,B2B,Bienestar,5,591,255511.0,164382.0,0.591,1.16,0.059,3.446
CMP-0611,Medellin,Ocasional,Tienda,Hogar,15,215,318689.0,230992.0,0.619,0.873,0.079,3.536
CMP-0612,Manizales,Ocasional,B2B,Tecnologia,10,359,376517.0,250990.0,0.988,1.103,0.091,4.613
CMP-0613,Bogota,Ocasional,Digital,Educacion,10,612,287611.0,186674.0,0.639,1.186,0.109,10.349
CMP-0614,Bucaramanga,Frecuente,Tienda,Tecnologia,5,182,408117.0,217006.0,0.586,1.169,0.044,6.07
CMP-0615,Bogota,Frecuente,Digital,Tecnologia,15,589,327290.0,205405.0,0.978,0.992,0.081,10.119
CMP-0616,Bogota,Frecuente,Digital,Tecnologia,5,258,242390.0,178867.0,0.952,0.822,0.087,11.225
CMP-0617,Bucaramanga,Frecuente,Digital,Hogar,15,436,322153.0,222549.0,0.845,1.219,0.086,18.934
CMP-0618,Bucaramanga,Ocasional,Tienda,Bienestar,0,396,387946.0,206476.0,0.798,0.978,0.067,1.594
CMP-0619,Pereira,Ocasional,Digital,Hogar,25,505,409872.0,300091.0,0.964,0.962,0.056,6.491
CMP-0620,Pereira,Alto valor,B2B,Tecnologia,15,598,349017.0,250734.0,0.845,1.142,0.095,13.149
CMP-0621,Manizales,Alto valor,Digital,Tecnologia,5,296,261926.0,170567.0,0.846,0.919,0.047,10.712
CMP-0622,Manizales,Frecuente,Digital,Educacion,0,186,243748.0,128060.0,0.93,1.176,0.037,6.194
CMP-0623,Pereira,En riesgo,Tienda,Educacion,10,342,303205.0,198594.0,0.844,0.834,0.072,8.529
CMP-0624,Manizales,Ocasional,Digital,Educacion,5,459,385548.0,205536.0,0.777,1.133,0.043,8.885
CMP-0625,Bogota,Alto valor,B2B,Bienestar,5,545,292533.0,174610.0,0.725,1.235,0.018,10.164
CMP-0626,Bucaramanga,En riesgo,Tienda,Bienestar,20,547,294090.0,197316.0,0.776,1.248,0.02,13.741
CMP-0627,Bucaramanga,Frecuente,Digital,Educacion,15,290,263855.0,195015.0,0.785,1.216,0.088,15.369
CMP-0628,Bucaramanga,Frecuente,Tienda,Bienestar,5,660,235408.0,142627.0,0.712,1.192,0.117,4.569
CMP-0629,Manizales,En riesgo,Tienda,Hogar,15,131,247840.0,180032.0,0.752,0.925,0.063,12.858
CMP-0630,Bucaramanga,Alto valor,Tienda,Hogar,10,152,270157.0,200026.0,0.911,1.235,0.03,14.777
CMP-0631,Bogota,Frecuente,Tienda,Hogar,25,95,388857.0,204170.0,0.737,1.218,0.101,14.52
CMP-0632,Bucaramanga,Ocasional,Tienda,Tecnologia,0,654,242021.0,139758.0,0.562,1.04,0.042,-0.796
CMP-0633,Manizales,Alto valor,Tienda,Tecnologia,20,191,263946.0,182220.0,0.677,0.981,0.12,9.523
CMP-0634,Bucaramanga,Ocasional,Digital,Bienestar,20,452,195097.0,136888.0,0.654,0.849,0.074,14.25
CMP-0635,Pereira,Frecuente,Tienda,Educacion,0,584,313747.0,192697.0,0.907,1.066,0.039,5.747
CMP-0636,Bogota,Alto valor,B2B,Tecnologia,5,555,362501.0,245638.0,0.752,1.115,0.067,8.088
CMP-0637,Bucaramanga,Frecuente,Tienda,Tecnologia,10,668,381837.0,254654.0,0.676,0.982,0.05,5.353
CMP-0638,Bucaramanga,Frecuente,Tienda,Tecnologia,20,113,275252.0,192001.0,0.915,0.983,0.097,13.555
CMP-0639,Bogota,Alto valor,Digital,Educacion,15,332,303077.0,209874.0,0.559,1.058,0.026,9.103
CMP-0640,Medellin,Alto valor,Tienda,Hogar,15,393,248484.0,134333.0,0.628,0.813,0.105,8.727
CMP-0641,Bogota,En riesgo,B2B,Hogar,20,511,299601.0,167172.0,0.922,1.231,0.096,11.996
CMP-0642,Medellin,Frecuente,Digital,Tecnologia,20,466,283547.0,156477.0,0.798,0.93,0.105,9.565
CMP-0643,Medellin,Frecuente,Digital,Educacion,10,427,264370.0,196637.0,0.898,0.863,0.109,7.207
CMP-0644,Manizales,Alto valor,Tienda,Hogar,15,270,270332.0,199843.0,0.927,0.802,0.039,13.86
CMP-0645,Bogota,Frecuente,Digital,Educacion,15,146,293894.0,209070.0,0.974,1.186,0.07,15.339
CMP-0646,Bucaramanga,Frecuente,Tienda,Bienestar,10,347,237939.0,130393.0,0.579,1.188,0.104,6.316
CMP-0647,Manizales,Ocasional,Digital,Tecnologia,20,240,241813.0,159071.0,0.91,0.843,0.055,12.059
CMP-0648,Manizales,Frecuente,Digital,Educacion,0,423,388052.0,219224.0,0.869,0.869,0.021,3.581
CMP-0649,Medellin,En riesgo,Tienda,Bienestar,5,574,463291.0,281872.0,0.643,1.002,0.046,9.369
CMP-0650,Medellin,En riesgo,Tienda,Bienestar,20,422,169672.0,99106.0,0.969,0.884,0.04,13.432
CMP-0651,Manizales,Alto valor,Tienda,Tecnologia,10,441,165540.0,119014.0,0.732,1.131,0.106,13.238
CMP-0652,Bogota,Alto valor,Tienda,Educacion,5,105,188214.0,104396.0,0.949,0.826,0.064,1.933
CMP-0653,Bucaramanga,Alto valor,Tienda,Educacion,5,479,252253.0,170292.0,0.822,1.047,0.087,11.541
CMP-0654,Medellin,Ocasional,Tienda,Hogar,15,352,327184.0,247395.0,0.787,0.972,0.116,7.594
CMP-0655,Manizales,Alto valor,Tienda,Tecnologia,20,156,304344.0,208443.0,0.622,1.009,0.046,7.536
CMP-0656,Manizales,En riesgo,Tienda,Educacion,0,212,272902.0,147099.0,0.961,0.991,0.095,6.991
CMP-0657,Bogota,Ocasional,Tienda,Educacion,0,564,299670.0,221122.0,0.8,0.869,0.017,-4.127
CMP-0658,Bogota,Ocasional,Digital,Bienestar,10,648,208094.0,140326.0,0.553,0.899,0.026,7.552
CMP-0659,Pereira,Frecuente,Digital,Bienestar,25,394,241691.0,152148.0,0.558,0.829,0.032,-0.221
CMP-0660,Bucaramanga,En riesgo,Tienda,Tecnologia,10,685,258493.0,175343.0,0.9,0.852,0.048,10.272
CMP-0661,Pereira,Alto valor,B2B,Tecnologia,25,191,141184.0,103201.0,0.623,1.24,0.057,7.049
CMP-0662,Bogota,Frecuente,Tienda,Educacion,20,265,172902.0,109708.0,0.819,0.926,0.065,10.743
CMP-0663,Pereira,Frecuente,Digital,Hogar,10,656,175883.0,113887.0,0.856,0.938,0.041,9.421
CMP-0664,Bucaramanga,En riesgo,Tienda,Hogar,20,188,317308.0,199456.0,0.676,0.857,0.022,12.182
CMP-0665,Manizales,Ocasional,Digital,Bienestar,15,488,278402.0,149619.0,0.806,1.14,0.086,15.21
CMP-0666,Bogota,Ocasional,Tienda,Tecnologia,15,216,305830.0,216802.0,0.658,1.216,0.017,8.436
CMP-0667,Manizales,Alto valor,Tienda,Tecnologia,10,285,122026.0,67156.0,0.976,1.155,0.1,11.293
CMP-0668,Medellin,En riesgo,Tienda,Tecnologia,20,376,148732.0,91425.0,0.937,1.076,0.113,9.049
CMP-0669,Medellin,Frecuente,Tienda,Hogar,20,303,309741.0,189821.0,0.68,1.166,0.09,10.119
CMP-0670,Pereira,Frecuente,Digital,Hogar,20,622,80000.0,46977.0,0.788,0.982,0.078,8.56
CMP-0671,Medellin,En riesgo,Digital,Tecnologia,25,683,351847.0,216950.0,0.775,1.187,0.084,15.702
CMP-0672,Bogota,Frecuente,B2B,Hogar,10,390,123251.0,82372.0,0.982,1.159,0.083,9.597
CMP-0673,Bogota,Frecuente,Tienda,Hogar,20,405,323251.0,192248.0,0.727,0.801,0.113,2.883
CMP-0674,Pereira,Ocasional,Tienda,Bienestar,20,114,193356.0,108551.0,0.803,1.02,0.116,7.865
CMP-0675,Bogota,Alto valor,Digital,Bienestar,5,225,338668.0,246770.0,0.968,0.919,0.06,9.944
CMP-0676,Bogota,Frecuente,Digital,Educacion,0,104,500612.0,376961.0,0.623,0.839,0.08,2.449
CMP-0677,Manizales,Alto valor,Digital,Educacion,10,611,89512.0,56398.0,0.798,1.181,0.099,18.36
CMP-0678,Pereira,Alto valor,Digital,Hogar,20,220,312153.0,186819.0,0.598,0.804,0.015,8.599
CMP-0679,Manizales,En riesgo,Digital,Educacion,10,291,124388.0,66099.0,0.828,1.129,0.07,16.582
CMP-0680,Medellin,Ocasional,B2B,Bienestar,15,602,292008.0,154427.0,0.715,1.245,0.084,9.567
CMP-0681,Bogota,Frecuente,Tienda,Tecnologia,0,522,244492.0,150189.0,0.985,1.017,0.09,0.581
CMP-0682,Pereira,Frecuente,Digital,Hogar,10,465,269734.0,200482.0,0.737,0.967,0.054,12.084
CMP-0683,Medellin,Frecuente,Digital,Bienestar,15,103,191624.0,133249.0,0.611,1.073,0.046,11.946
CMP-0684,Medellin,Ocasional,Digital,Educacion,5,429,318541.0,192343.0,0.925,1.162,0.034,13.898
CMP-0685,Pereira,En riesgo,Tienda,Hogar,20,427,151373.0,113883.0,0.919,0.908,0.074,12.618
CMP-0686,Medellin,En riesgo,Digital,Tecnologia,5,277,353123.0,219961.0,0.863,0.913,0.112,11.278
CMP-0687,Manizales,Frecuente,Tienda,Tecnologia,20,541,229306.0,134472.0,0.887,1.073,0.109,13.002
CMP-0688,Manizales,Frecuente,Tienda,Tecnologia,5,656,154798.0,96335.0,0.669,1.223,0.053,8.003
CMP-0689,Manizales,Frecuente,Digital,Bienestar,25,240,379620.0,216676.0,0.839,0.934,0.042,8.079
CMP-0690,Bogota,Ocasional,Tienda,Bienestar,15,285,254949.0,186764.0,0.567,0.97,0.098,4.992
CMP-0691,Medellin,Frecuente,B2B,Hogar,5,279,403073.0,244537.0,0.639,1.247,0.091,8.629
CMP-0692,Bogota,Ocasional,Digital,Bienestar,0,597,351602.0,238355.0,0.97,0.879,0.068,3.473
CMP-0693,Medellin,Ocasional,Digital,Educacion,0,128,200139.0,122760.0,0.883,0.835,0.056,7.823
CMP-0694,Medellin,Frecuente,B2B,Educacion,15,635,253626.0,186774.0,0.654,1.065,0.028,13.443
CMP-0695,Pereira,Frecuente,B2B,Tecnologia,20,560,269078.0,181405.0,0.6,0.811,0.097,5.329
CMP-0696,Bucaramanga,Frecuente,Tienda,Bienestar,10,379,374473.0,238607.0,0.977,0.881,0.08,13.933
CMP-0697,Bogota,Alto valor,Tienda,Educacion,10,441,292814.0,161550.0,0.6,1.08,0.055,5.804
CMP-0698,Manizales,Alto valor,Digital,Educacion,15,634,273222.0,201217.0,0.666,1.097,0.111,9.798
CMP-0699,Pereira,Ocasional,Tienda,Hogar,15,557,245009.0,159559.0,0.632,1.03,0.084,6.271
CMP-0700,Pereira,Frecuente,Digital,Hogar,15,251,256208.0,150756.0,0.553,0.973,0.113,9.893
CMP-0701,Manizales,Frecuente,Digital,Educacion,10,111,357844.0,261478.0,0.691,1.059,0.065,11.129
CMP-0702,Bogota,Ocasional,Tienda,Tecnologia,15,488,260278.0,138745.0,0.988,1.09,0.063,6.497
CMP-0703,Pereira,Ocasional,B2B,Bienestar,25,170,230375.0,137160.0,0.704,1.162,0.113,6.623
CMP-0704,Pereira,Frecuente,Tienda,Tecnologia,10,134,217662.0,141228.0,0.777,1.157,0.116,17.155
CMP-0705,Pereira,Ocasional,Digital,Educacion,0,689,218468.0,131420.0,0.886,1.099,0.116,9.998
CMP-0706,Manizales,En riesgo,Digital,Tecnologia,5,373,154843.0,98235.0,0.798,1.202,0.101,17.775
CMP-0707,Pereira,Ocasional,B2B,Tecnologia,15,483,203722.0,118859.0,0.885,1.177,0.064,10.345
CMP-0708,Manizales,Ocasional,B2B,Hogar,10,214,372382.0,205264.0,0.848,0.86,0.037,2.839
CMP-0709,Manizales,Alto valor,Tienda,Tecnologia,25,143,244505.0,129305.0,0.824,1.231,0.055,10.009
CMP-0710,Manizales,En riesgo,Tienda,Hogar,15,118,312831.0,174508.0,0.842,1.201,0.114,21.017
CMP-0711,Bogota,Frecuente,Digital,Hogar,15,299,80000.0,59897.0,0.91,0.944,0.053,11.659
CMP-0712,Manizales,En riesgo,Digital,Hogar,20,82,302623.0,199155.0,0.87,0.809,0.094,10.511
CMP-0713,Bogota,Ocasional,Digital,Bienestar,10,340,247899.0,157998.0,0.906,1.072,0.112,15.369
CMP-0714,Bogota,Alto valor,Digital,Bienestar,20,281,223892.0,137075.0,0.616,0.997,0.117,14.043
CMP-0715,Medellin,Alto valor,Digital,Educacion,0,406,273572.0,188770.0,0.855,1.137,0.115,7.218
CMP-0716,Bogota,Ocasional,Tienda,Hogar,15,445,222813.0,123417.0,0.882,1.036,0.073,8.761
CMP-0717,Manizales,Ocasional,Digital,Bienestar,25,271,100709.0,59043.0,0.685,0.834,0.067,1.898
CMP-0718,Manizales,Alto valor,Digital,Bienestar,20,362,329169.0,222984.0,0.944,0.91,0.119,12.858
CMP-0719,Bucaramanga,Ocasional,Tienda,Tecnologia,20,128,278226.0,176667.0,0.687,1.197,0.038,11.39
CMP-0720,Manizales,En riesgo,Digital,Bienestar,10,267,236454.0,166658.0,0.66,0.817,0.035,8.74
CMP-0721,Pereira,Frecuente,Digital,Educacion,20,686,187536.0,137896.0,0.94,1.132,0.116,16.841
CMP-0722,Medellin,Frecuente,Tienda,Hogar,15,694,149761.0,107470.0,0.661,0.931,0.087,8.037
CMP-0723,Medellin,Alto valor,Digital,Tecnologia,15,381,276792.0,156169.0,0.737,1.004,0.071,19.815
CMP-0724,Pereira,Ocasional,Tienda,Hogar,0,662,381008.0,206488.0,0.716,1.039,0.029,2.55
CMP-0725,Bogota,Frecuente,B2B,Hogar,5,390,275237.0,154316.0,0.954,0.913,0.069,5.891
CMP-0726,Pereira,En riesgo,Digital,Bienestar,15,157,156293.0,110663.0,0.755,1.093,0.114,17.148
CMP-0727,Bogota,Frecuente,B2B,Educacion,0,618,276884.0,204706.0,0.862,1.112,0.078,2.913
CMP-0728,Pereira,Ocasional,B2B,Bienestar,20,337,255999.0,189979.0,0.907,0.838,0.057,-0.552
CMP-0729,Manizales,Frecuente,Tienda,Tecnologia,20,459,324803.0,192144.0,0.833,0.968,0.073,7.689
CMP-0730,Bogota,Alto valor,Tienda,Hogar,20,482,305505.0,220477.0,0.975,1.135,0.108,12.424
CMP-0731,Bogota,Ocasional,Tienda,Bienestar,5,270,80000.0,51896.0,0.911,1.125,0.111,3.864
CMP-0732,Manizales,Frecuente,Tienda,Hogar,25,534,300893.0,215882.0,0.73,1.045,0.057,5.032
CMP-0733,Medellin,Frecuente,Tienda,Bienestar,0,390,184739.0,120377.0,0.978,1.15,0.079,1.062
CMP-0734,Bogota,En riesgo,Digital,Bienestar,10,307,153370.0,85123.0,0.786,0.848,0.044,11.532
CMP-0735,Bucaramanga,En riesgo,B2B,Hogar,20,264,245864.0,132524.0,0.56,0.853,0.062,6.212
CMP-0736,Bogota,En riesgo,Tienda,Bienestar,0,542,290823.0,218039.0,0.667,1.096,0.038,6.175
CMP-0737,Bogota,Alto valor,Tienda,Hogar,0,234,136945.0,85206.0,0.83,1.112,0.071,5.411
CMP-0738,Bucaramanga,Ocasional,Digital,Tecnologia,0,156,312843.0,188996.0,0.621,1.167,0.076,4.594
CMP-0739,Bogota,En riesgo,Digital,Hogar,15,626,317250.0,192099.0,0.813,0.881,0.05,11.323
CMP-0740,Medellin,Frecuente,Tienda,Hogar,20,285,263523.0,160998.0,0.713,1.033,0.044,8.085
CMP-0741,Medellin,Alto valor,Tienda,Tecnologia,5,477,194928.0,145572.0,0.79,1.097,0.031,10.07
CMP-0742,Bogota,Ocasional,Digital,Educacion,5,524,186547.0,99812.0,0.551,0.901,0.03,2.37
CMP-0743,Bogota,Frecuente,Digital,Bienestar,15,599,336945.0,184839.0,0.932,1.033,0.09,14.652
CMP-0744,Bucaramanga,Ocasional,Digital,Tecnologia,10,467,146658.0,104056.0,0.713,1.087,0.038,11.445
CMP-0745,Bogota,En riesgo,Tienda,Educacion,20,518,339835.0,221524.0,0.613,0.897,0.027,7.56
CMP-0746,Bucaramanga,Ocasional,Digital,Educacion,25,599,247610.0,136396.0,0.747,0.969,0.12,12.256
CMP-0747,Manizales,Frecuente,B2B,Tecnologia,20,664,252812.0,133553.0,0.769,0.897,0.042,5.043
CMP-0748,Bucaramanga,Frecuente,Digital,Tecnologia,20,109,131893.0,75683.0,0.837,1.206,0.109,12.976
CMP-0749,Bucaramanga,Frecuente,Digital,Hogar,15,540,248996.0,145064.0,0.786,0.907,0.079,9.895
CMP-0750,Pereira,Alto valor,Digital,Bienestar,20,188,306019.0,160174.0,0.57,0.854,0.09,5.91
CMP-0751,Medellin,Ocasional,Tienda,Bienestar,5,632,159769.0,91366.0,0.942,0.816,0.074,6.815
CMP-0752,Pereira,Ocasional,Digital,Hogar,0,110,297398.0,207345.0,0.755,0.82,0.034,-0.03
CMP-0753,Pereira,Frecuente,Tienda,Bienestar,15,232,266676.0,193421.0,0.585,0.886,0.104,4.931
CMP-0754,Medellin,Frecuente,B2B,Tecnologia,0,199,211718.0,155735.0,0.898,1.074,0.102,2.207
CMP-0755,Manizales,En riesgo,Digital,Bienestar,20,454,324100.0,198861.0,0.847,0.808,0.052,8.811
CMP-0756,Manizales,Alto valor,Tienda,Educacion,15,82,94831.0,56582.0,0.842,0.929,0.095,5.951
CMP-0757,Bogota,Frecuente,Digital,Bienestar,25,90,286001.0,217351.0,0.742,0.826,0.072,3.922
CMP-0758,Bucaramanga,Frecuente,Digital,Hogar,10,392,381458.0,268791.0,0.735,0.982,0.11,13.588
CMP-0759,Pereira,Ocasional,Digital,Hogar,15,682,367996.0,238816.0,0.791,0.822,0.099,9.161
CMP-0760,Bogota,Alto valor,Digital,Educacion,20,407,289236.0,168088.0,0.573,1.073,0.019,15.655
CMP-0761,Pereira,Ocasional,Tienda,Tecnologia,10,356,237374.0,141739.0,0.685,1.11,0.107,10.331
CMP-0762,Manizales,Frecuente,Tienda,Hogar,15,487,212315.0,136664.0,0.995,1.129,0.117,14.592
CMP-0763,Medellin,Ocasional,Tienda,Tecnologia,15,422,237281.0,154256.0,0.848,0.901,0.093,12.84
CMP-0764,Medellin,Alto valor,Tienda,Educacion,25,318,300786.0,157396.0,0.739,1.191,0.028,8.29
CMP-0765,Bucaramanga,Frecuente,Tienda,Hogar,20,444,199457.0,149644.0,0.65,1.111,0.1,8.605
CMP-0766,Bogota,Frecuente,Digital,Educacion,5,81,316807.0,208505.0,0.885,0.825,0.083,8.467
CMP-0767,Bogota,Frecuente,Digital,Bienestar,10,231,419987.0,277779.0,0.667,0.998,0.051,15.057
CMP-0768,Manizales,Alto valor,Digital,Bienestar,15,497,255359.0,145747.0,0.623,1.145,0.108,13.986
CMP-0769,Pereira,Alto valor,Tienda,Bienestar,5,291,159170.0,111992.0,0.62,0.94,0.074,4.664
CMP-0770,Bucaramanga,Frecuente,B2B,Tecnologia,10,113,159144.0,110914.0,0.878,0.972,0.105,9.959
CMP-0771,Bogota,Alto valor,Digital,Bienestar,10,157,318242.0,172754.0,0.839,1.083,0.085,12.518
CMP-0772,Medellin,En riesgo,Tienda,Bienestar,5,617,255519.0,169358.0,0.581,0.825,0.045,7.251
CMP-0773,Pereira,Frecuente,Tienda,Educacion,15,284,325762.0,220856.0,0.602,1.235,0.117,12.021
CMP-0774,Bogota,Ocasional,Tienda,Bienestar,5,94,219977.0,158502.0,0.835,0.879,0.075,4.154
CMP-0775,Medellin,En riesgo,Tienda,Educacion,15,531,322297.0,183536.0,0.807,0.812,0.069,11.716
CMP-0776,Medellin,Alto valor,Tienda,Educacion,5,408,248128.0,181290.0,0.859,0.802,0.057,2.816
CMP-0777,Manizales,Ocasional,Tienda,Bienestar,15,359,205062.0,129344.0,0.63,0.98,0.029,7.01
CMP-0778,Pereira,En riesgo,B2B,Hogar,5,634,229925.0,124887.0,0.877,1.198,0.087,10.097
CMP-0779,Bucaramanga,Ocasional,Digital,Tecnologia,20,274,170221.0,92830.0,0.971,1.169,0.06,21.032
CMP-0780,Medellin,Frecuente,B2B,Hogar,0,434,409202.0,232211.0,0.82,1.21,0.113,5.096
CMP-0781,Medellin,Frecuente,Digital,Educacion,15,541,252771.0,148594.0,0.638,1.04,0.116,9.682
CMP-0782,Bogota,Alto valor,Tienda,Tecnologia,10,457,308339.0,197071.0,0.856,1.002,0.096,7.616
CMP-0783,Pereira,Frecuente,Digital,Hogar,5,208,219735.0,153749.0,0.704,0.974,0.04,12.303
CMP-0784,Pereira,En riesgo,Digital,Bienestar,10,502,181105.0,102291.0,0.572,0.821,0.09,9.27
CMP-0785,Manizales,En riesgo,Digital,Tecnologia,20,540,242459.0,183841.0,0.686,1.209,0.017,12.72
CMP-0786,Manizales,Alto valor,Digital,Educacion,20,155,342589.0,191427.0,0.958,1.023,0.102,15.089
CMP-0787,Pereira,Ocasional,Digital,Bienestar,10,182,220945.0,146675.0,0.735,1.005,0.067,11.742
CMP-0788,Bogota,Frecuente,Digital,Tecnologia,5,498,194710.0,144659.0,0.939,1.032,0.113,13.234
CMP-0789,Manizales,En riesgo,Digital,Tecnologia,15,153,271660.0,195541.0,0.779,1.157,0.055,16.579
CMP-0790,Pereira,Alto valor,Digital,Bienestar,15,625,297427.0,200910.0,0.783,0.901,0.043,12.927
CMP-0791,Pereira,En riesgo,Tienda,Educacion,5,147,383214.0,265076.0,0.552,1.119,0.119,9.679
CMP-0792,Manizales,Ocasional,B2B,Educacion,20,684,286531.0,158225.0,0.837,1.12,0.071,8.16
CMP-0793,Bogota,Alto valor,Tienda,Educacion,15,496,308299.0,161031.0,0.599,1.182,0.106,12.889
CMP-0794,Medellin,Alto valor,Digital,Tecnologia,15,354,313946.0,195964.0,0.765,0.804,0.111,14.225
CMP-0795,Manizales,Ocasional,Digital,Bienestar,10,246,173524.0,93960.0,0.667,0.877,0.069,7.932
CMP-0796,Bucaramanga,Alto valor,B2B,Tecnologia,10,293,187750.0,113750.0,0.727,1.012,0.063,6.646
CMP-0797,Medellin,Frecuente,Digital,Tecnologia,5,544,178708.0,102524.0,0.792,1.183,0.073,11.539
CMP-0798,Manizales,En riesgo,Digital,Bienestar,20,547,160089.0,118454.0,0.557,1.234,0.104,16.181
CMP-0799,Bucaramanga,Ocasional,B2B,Hogar,5,209,319659.0,233739.0,0.678,1.068,0.116,-0.962
CMP-0800,Manizales,Frecuente,B2B,Bienestar,20,416,281754.0,201890.0,0.995,0.895,0.049,2.467
CMP-0801,Pereira,Frecuente,Digital,Educacion,20,695,265962.0,183872.0,0.576,0.883,0.093,10.1
CMP-0802,Bucaramanga,Alto valor,Tienda,Tecnologia,20,239,80000.0,44558.0,0.694,1.088,0.045,14.303
CMP-0803,Manizales,En riesgo,Digital,Bienestar,0,509,414161.0,220171.0,0.695,0.895,0.079,2.694
CMP-0804,Medellin,Frecuente,Tienda,Educacion,10,186,192930.0,130600.0,0.721,1.049,0.1,9.604
CMP-0805,Bogota,Alto valor,Digital,Hogar,10,597,413886.0,279018.0,0.858,1.176,0.108,14.963
CMP-0806,Bogota,Frecuente,Digital,Bienestar,15,185,151307.0,92095.0,0.661,0.975,0.062,10.053
CMP-0807,Manizales,En riesgo,Tienda,Hogar,20,264,199070.0,126100.0,0.757,0.97,0.054,11.063
CMP-0808,Pereira,Alto valor,Digital,Educacion,10,364,94786.0,60416.0,0.84,0.816,0.042,7.987
CMP-0809,Bucaramanga,En riesgo,Tienda,Tecnologia,20,309,287159.0,165858.0,0.695,0.914,0.029,5.877
CMP-0810,Medellin,Ocasional,Digital,Educacion,5,185,177406.0,105627.0,0.977,1.114,0.053,10.444
CMP-0811,Pereira,Ocasional,B2B,Educacion,10,477,179525.0,111380.0,0.991,0.962,0.107,7.307
CMP-0812,Medellin,En riesgo,Tienda,Educacion,0,92,157061.0,104409.0,0.604,0.871,0.059,-0.513
CMP-0813,Bogota,Ocasional,Digital,Hogar,20,689,318302.0,238534.0,0.705,0.848,0.048,8.975
CMP-0814,Bucaramanga,En riesgo,Tienda,Bienestar,5,112,313360.0,203445.0,0.644,0.843,0.093,5.361
CMP-0815,Bogota,Alto valor,Digital,Hogar,10,286,395903.0,275342.0,0.634,1.097,0.038,11.935
CMP-0816,Medellin,Ocasional,Digital,Hogar,20,656,208572.0,148854.0,0.771,1.076,0.042,10.888
CMP-0817,Pereira,Frecuente,Digital,Educacion,15,176,276411.0,151264.0,0.804,1.033,0.113,12.398
CMP-0818,Pereira,Frecuente,B2B,Bienestar,0,125,163300.0,110513.0,0.742,1.025,0.024,4.071
CMP-0819,Bogota,En riesgo,Tienda,Bienestar,0,541,234872.0,149310.0,0.673,0.869,0.059,0.617
CMP-0820,Medellin,En riesgo,B2B,Tecnologia,15,125,221087.0,145339.0,0.675,1.025,0.076,6.094
CMP-0821,Pereira,Ocasional,B2B,Educacion,10,637,294834.0,156032.0,0.996,0.827,0.039,5.274
CMP-0822,Bogota,Frecuente,B2B,Bienestar,5,359,336277.0,248001.0,0.966,1.217,0.045,10.084
CMP-0823,Pereira,Frecuente,Digital,Educacion,15,618,334330.0,250302.0,0.584,0.826,0.038,4.822
CMP-0824,Bogota,Frecuente,B2B,Tecnologia,5,231,196789.0,102495.0,0.845,0.991,0.051,2.235
CMP-0825,Bogota,Frecuente,Tienda,Bienestar,15,167,334885.0,191243.0,0.756,0.8,0.109,7.539
CMP-0826,Pereira,Frecuente,Digital,Bienestar,10,676,256694.0,144582.0,0.86,1.154,0.06,12.213
CMP-0827,Bogota,Alto valor,Tienda,Bienestar,5,552,235655.0,166729.0,0.819,0.875,0.059,3.423
CMP-0828,Medellin,Alto valor,Digital,Tecnologia,5,644,206862.0,137261.0,0.95,1.216,0.056,17.974
CMP-0829,Medellin,Ocasional,Digital,Hogar,10,278,218005.0,122641.0,0.58,0.82,0.116,4.54
CMP-0830,Pereira,Frecuente,Digital,Hogar,0,330,390674.0,279469.0,0.707,1.169,0.027,10.368
CMP-0831,Bucaramanga,En riesgo,Digital,Bienestar,10,437,283056.0,171202.0,0.993,1.095,0.107,17.417
CMP-0832,Bucaramanga,Ocasional,Digital,Tecnologia,20,358,273096.0,172216.0,0.632,0.912,0.049,7.712
CMP-0833,Manizales,Alto valor,B2B,Hogar,20,230,240331.0,147312.0,0.607,0.891,0.115,4.817
CMP-0834,Pereira,Alto valor,Tienda,Bienestar,10,312,443448.0,286082.0,0.878,0.961,0.048,3.749
CMP-0835,Medellin,Frecuente,Tienda,Tecnologia,15,457,357876.0,227335.0,0.9,1.173,0.024,9.614
CMP-0836,Bogota,En riesgo,Digital,Educacion,15,103,205920.0,120649.0,0.853,1.188,0.07,17.2
CMP-0837,Medellin,Frecuente,Digital,Bienestar,20,288,239479.0,148930.0,0.899,0.879,0.039,11.411
CMP-0838,Pereira,Frecuente,Digital,Tecnologia,10,261,243932.0,180022.0,0.862,0.959,0.094,7.007
CMP-0839,Pereira,En riesgo,Tienda,Tecnologia,10,123,270940.0,173590.0,0.611,0.907,0.084,8.982
CMP-0840,Medellin,En riesgo,Digital,Educacion,10,156,207408.0,153468.0,0.824,0.855,0.087,9.783
CMP-0841,Bucaramanga,Frecuente,Tienda,Hogar,0,387,292911.0,190987.0,0.9,1.091,0.035,6.094
CMP-0842,Bogota,Alto valor,Tienda,Educacion,10,143,368907.0,259901.0,0.939,0.956,0.089,11.619
CMP-0843,Medellin,Alto valor,Tienda,Hogar,20,293,161478.0,95347.0,0.661,0.901,0.048,9.596
CMP-0844,Pereira,Alto valor,B2B,Hogar,20,427,175389.0,124473.0,0.607,1.19,0.12,11.98
CMP-0845,Pereira,Alto valor,Digital,Hogar,5,621,223763.0,130552.0,0.901,1.137,0.092,15.165
CMP-0846,Pereira,Ocasional,B2B,Bienestar,10,141,227240.0,119231.0,0.665,1.148,0.077,9.426
CMP-0847,Pereira,En riesgo,Tienda,Tecnologia,10,349,409885.0,228951.0,0.564,0.818,0.106,6.66
CMP-0848,Pereira,Frecuente,Tienda,Hogar,15,143,335128.0,176008.0,0.921,1.212,0.077,21.364
CMP-0849,Medellin,Ocasional,Tienda,Hogar,15,345,330824.0,247223.0,0.778,1.059,0.073,5.415
CMP-0850,Bogota,Frecuente,Tienda,Tecnologia,0,377,240173.0,182530.0,0.697,1.027,0.04,1.366
CMP-0851,Medellin,Ocasional,B2B,Hogar,20,575,238526.0,167669.0,0.555,0.805,0.086,3.427
CMP-0852,Medellin,Ocasional,Digital,Bienestar,25,354,151122.0,82505.0,0.566,1.204,0.054,8.773
CMP-0853,Medellin,En riesgo,Tienda,Bienestar,15,660,318631.0,234431.0,0.907,1.045,0.02,15.187
CMP-0854,Bucaramanga,En riesgo,Tienda,Tecnologia,15,165,296829.0,207337.0,0.77,1.171,0.101,16.005
CMP-0855,Bucaramanga,Frecuente,Digital,Educacion,15,112,356450.0,213777.0,0.617,1.095,0.02,5.987
CMP-0856,Medellin,Alto valor,B2B,Educacion,10,82,244188.0,156414.0,0.711,1.159,0.086,15.004
CMP-0857,Bucaramanga,Frecuente,Digital,Bienestar,5,301,249367.0,169276.0,0.624,1.112,0.031,9.015
CMP-0858,Pereira,Frecuente,Tienda,Educacion,15,199,272753.0,143406.0,0.601,1.214,0.06,14.094
CMP-0859,Bogota,En riesgo,Digital,Hogar,0,136,326892.0,209332.0,0.674,0.901,0.105,0.443
CMP-0860,Medellin,Frecuente,Digital,Educacion,20,226,149734.0,104181.0,0.797,0.891,0.025,10.335
CMP-0861,Medellin,Ocasional,Tienda,Bienestar,10,684,315204.0,178145.0,0.645,1.121,0.085,6.42
CMP-0862,Medellin,Frecuente,Digital,Bienestar,10,576,258463.0,161929.0,0.705,1.026,0.079,13.001
CMP-0863,Pereira,Alto valor,Digital,Tecnologia,10,91,180602.0,116995.0,0.765,1.07,0.106,14.859
CMP-0864,Bogota,Frecuente,Digital,Bienestar,25,647,103655.0,72199.0,0.739,1.119,0.033,9.727
CMP-0865,Medellin,Ocasional,Digital,Educacion,5,207,249764.0,187690.0,0.608,1.046,0.099,4.187
CMP-0866,Bogota,Ocasional,Tienda,Educacion,5,331,368578.0,266698.0,0.567,1.154,0.062,5.426
CMP-0867,Medellin,Frecuente,B2B,Hogar,5,283,385601.0,258031.0,0.566,0.943,0.06,2.536
CMP-0868,Medellin,Frecuente,Digital,Tecnologia,15,331,286653.0,189212.0,0.708,1.187,0.053,15.119
CMP-0869,Manizales,Ocasional,Tienda,Bienestar,25,551,407150.0,270659.0,0.873,0.848,0.055,5.438
CMP-0870,Pereira,Alto valor,Digital,Tecnologia,10,521,256779.0,167123.0,0.609,1.085,0.07,13.177
CMP-0871,Manizales,En riesgo,Tienda,Tecnologia,20,448,331498.0,177102.0,0.904,1.201,0.026,10.721
CMP-0872,Bucaramanga,Alto valor,Digital,Bienestar,10,468,226158.0,155504.0,0.872,0.914,0.06,13.364
CMP-0873,Pereira,Alto valor,Digital,Educacion,15,531,221405.0,153195.0,0.552,0.947,0.083,18.267
CMP-0874,Pereira,Frecuente,Digital,Hogar,0,194,209187.0,134506.0,0.562,0.937,0.067,7.667
CMP-0875,Bogota,Frecuente,Tienda,Hogar,15,325,105460.0,76869.0,0.638,1.054,0.032,0.684
CMP-0876,Manizales,Frecuente,Tienda,Hogar,15,146,356532.0,242935.0,0.575,0.986,0.053,7.809
CMP-0877,Manizales,Frecuente,Digital,Hogar,15,516,211878.0,128618.0,0.789,0.849,0.062,13.02
CMP-0878,Bogota,En riesgo,Tienda,Tecnologia,10,351,199892.0,104889.0,0.568,1.201,0.085,11.763
CMP-0879,Manizales,Frecuente,Tienda,Bienestar,20,475,171502.0,91616.0,0.911,0.892,0.11,6.868
CMP-0880,Bogota,Frecuente,Digital,Bienestar,25,430,244673.0,147888.0,0.772,1.04,0.073,7.308
CMP-0881,Pereira,Frecuente,Tienda,Hogar,10,249,392262.0,247480.0,0.878,1.068,0.086,12.506
CMP-0882,Medellin,Alto valor,B2B,Hogar,15,165,417033.0,233559.0,0.888,0.818,0.023,5.22
CMP-0883,Manizales,Ocasional,Digital,Educacion,20,683,135435.0,76580.0,0.778,0.843,0.115,10.698
CMP-0884,Pereira,Frecuente,Tienda,Tecnologia,10,261,233416.0,134273.0,0.966,1.237,0.048,13.638
CMP-0885,Medellin,Ocasional,Digital,Tecnologia,20,147,182423.0,129032.0,0.996,1.099,0.052,9.781
CMP-0886,Bogota,Alto valor,Tienda,Tecnologia,10,269,334125.0,235595.0,0.712,0.815,0.038,11.084
CMP-0887,Pereira,En riesgo,Digital,Educacion,20,639,281495.0,172248.0,0.607,1.157,0.024,9.272
CMP-0888,Pereira,Frecuente,Tienda,Hogar,5,242,212257.0,119154.0,0.713,1.029,0.098,5.338
CMP-0889,Pereira,En riesgo,Digital,Tecnologia,10,691,265443.0,145096.0,0.651,0.834,0.04,9.51
CMP-0890,Bucaramanga,Frecuente,Tienda,Educacion,15,365,224194.0,121269.0,0.789,1.106,0.045,17.005
CMP-0891,Pereira,Alto valor,B2B,Tecnologia,15,614,381068.0,233941.0,0.72,1.025,0.034,7.486
CMP-0892,Bogota,Ocasional,Digital,Hogar,20,484,301022.0,159822.0,0.766,0.892,0.117,1.818
CMP-0893,Manizales,Ocasional,B2B,Tecnologia,25,107,310237.0,186165.0,0.893,1.195,0.097,3.876
CMP-0894,Medellin,Ocasional,B2B,Bienestar,5,395,80000.0,60061.0,0.673,0.931,0.113,3.634
CMP-0895,Bogota,Frecuente,B2B,Bienestar,10,338,254991.0,163653.0,0.792,0.928,0.105,9.209
CMP-0896,Bogota,Ocasional,Digital,Educacion,10,204,416241.0,298626.0,0.701,0.923,0.11,15.005
CMP-0897,Manizales,En riesgo,Tienda,Hogar,10,420,359460.0,198071.0,0.903,1.145,0.065,18.563
CMP-0898,Pereira,Ocasional,Digital,Hogar,15,143,121468.0,70979.0,0.838,1.118,0.033,13.104
CMP-0899,Pereira,Frecuente,Digital,Educacion,20,512,236493.0,176701.0,0.554,1.206,0.049,8.715
CMP-0900,Bogota,Ocasional,B2B,Educacion,20,589,169886.0,103979.0,0.847,0.903,0.046,9.259
CMP-0901,Pereira,Ocasional,Tienda,Tecnologia,0,137,388333.0,262364.0,0.627,1.154,0.09,1.204
CMP-0902,Pereira,En riesgo,Tienda,Bienestar,10,377,278321.0,209929.0,0.876,1.058,0.018,11.486
CMP-0903,Bucaramanga,Frecuente,Digital,Educacion,15,486,202415.0,132013.0,0.805,0.939,0.03,10.472
CMP-0904,Medellin,Frecuente,Tienda,Bienestar,10,118,262562.0,155773.0,0.731,0.816,0.087,3.111
CMP-0905,Manizales,Ocasional,Tienda,Bienestar,5,321,80000.0,51813.0,0.862,1.169,0.028,7.106
CMP-0906,Bogota,Frecuente,Digital,Tecnologia,10,240,178628.0,95229.0,0.935,0.908,0.02,11.418
CMP-0907,Manizales,Ocasional,B2B,Tecnologia,10,104,262733.0,143707.0,0.9,1.084,0.026,10.411
CMP-0908,Pereira,Frecuente,Digital,Tecnologia,5,578,323426.0,168738.0,0.795,1.047,0.088,9.261
CMP-0909,Bucaramanga,Frecuente,Digital,Tecnologia,20,355,114401.0,83766.0,0.875,0.802,0.03,5.702
CMP-0910,Pereira,Ocasional,Tienda,Educacion,10,546,231413.0,157617.0,0.736,1.247,0.03,5.855
CMP-0911,Bogota,Alto valor,B2B,Bienestar,15,443,335726.0,198615.0,0.905,1.166,0.039,13.355
CMP-0912,Pereira,Alto valor,Digital,Educacion,15,623,151141.0,86616.0,0.923,1.019,0.094,15.363
CMP-0913,Bucaramanga,Ocasional,Digital,Hogar,20,698,277189.0,189580.0,0.612,1.106,0.036,7.478
CMP-0914,Medellin,Ocasional,Digital,Educacion,5,453,264948.0,196244.0,0.657,1.014,0.019,5.904
CMP-0915,Manizales,En riesgo,B2B,Tecnologia,5,298,388579.0,229958.0,0.671,1.135,0.11,9.877
CMP-0916,Manizales,Frecuente,Digital,Educacion,10,342,242740.0,144958.0,0.625,0.86,0.107,12.592
CMP-0917,Manizales,Alto valor,Tienda,Tecnologia,10,591,247130.0,179174.0,0.727,1.001,0.034,8.116
CMP-0918,Bogota,En riesgo,B2B,Tecnologia,10,344,324122.0,238038.0,0.637,0.951,0.043,8.643
CMP-0919,Bucaramanga,Alto valor,Digital,Tecnologia,20,402,160524.0,118686.0,0.818,1.007,0.035,15.377
CMP-0920,Bogota,Alto valor,Tienda,Educacion,10,200,243434.0,143713.0,0.596,1.003,0.091,6.971
CMP-0921,Medellin,Frecuente,Tienda,Hogar,5,693,225821.0,123947.0,0.671,0.864,0.041,4.497
CMP-0922,Manizales,Frecuente,Tienda,Hogar,10,483,249582.0,156138.0,0.849,1.239,0.113,12.662
CMP-0923,Manizales,En riesgo,Digital,Hogar,20,284,323630.0,191260.0,0.729,0.807,0.102,6.826
CMP-0924,Pereira,Ocasional,Digital,Educacion,20,442,301562.0,220782.0,0.74,0.805,0.077,7.033
CMP-0925,Bucaramanga,Ocasional,Digital,Hogar,20,328,203849.0,107794.0,0.909,0.968,0.016,10.137
CMP-0926,Medellin,Alto valor,Tienda,Tecnologia,15,176,270252.0,181645.0,0.993,1.079,0.108,15.567
CMP-0927,Manizales,Frecuente,Tienda,Hogar,15,622,371783.0,274184.0,0.804,0.881,0.091,5.11
CMP-0928,Bucaramanga,Frecuente,Digital,Hogar,15,629,197648.0,149106.0,0.586,1.04,0.098,10.902
CMP-0929,Manizales,Alto valor,Digital,Bienestar,10,597,270888.0,183128.0,0.596,1.125,0.023,16.989
CMP-0930,Manizales,Frecuente,B2B,Educacion,15,308,245513.0,183639.0,0.986,0.842,0.089,13.922
CMP-0931,Manizales,Frecuente,Digital,Tecnologia,20,238,255275.0,137378.0,0.856,1.243,0.099,17.951
CMP-0932,Bogota,Alto valor,Digital,Educacion,10,110,137701.0,83478.0,0.889,0.952,0.115,10.37
CMP-0933,Bucaramanga,Ocasional,Tienda,Tecnologia,15,533,365807.0,190985.0,0.854,1.089,0.076,11.144
CMP-0934,Bogota,Ocasional,Digital,Bienestar,15,283,201924.0,152550.0,0.631,0.85,0.068,6.148
CMP-0935,Manizales,Alto valor,Digital,Hogar,15,633,336955.0,248220.0,0.752,1.119,0.06,15.617
CMP-0936,Medellin,Frecuente,Digital,Hogar,5,619,213397.0,112403.0,0.909,1.178,0.089,10.783
CMP-0937,Pereira,Ocasional,Digital,Hogar,15,159,213087.0,111733.0,0.94,0.847,0.112,5.455
CMP-0938,Pereira,Ocasional,Tienda,Hogar,20,648,350984.0,213424.0,0.657,0.857,0.078,2.976
CMP-0939,Manizales,Ocasional,Tienda,Educacion,5,166,334541.0,194719.0,0.818,0.926,0.039,7.13
CMP-0940,Manizales,Frecuente,Tienda,Educacion,10,384,275650.0,199368.0,0.621,0.805,0.017,6.307
CMP-0941,Bogota,Ocasional,Digital,Educacion,0,373,317086.0,177098.0,0.981,1.244,0.08,10.134
CMP-0942,Manizales,Frecuente,Tienda,Hogar,0,672,238359.0,169176.0,0.663,1.069,0.106,3.658
CMP-0943,Medellin,Frecuente,Digital,Bienestar,25,487,259372.0,169388.0,0.877,1.073,0.022,10.532
CMP-0944,Manizales,Alto valor,Tienda,Hogar,15,622,210378.0,128451.0,0.654,1.232,0.057,14.272
CMP-0945,Pereira,Frecuente,Digital,Educacion,10,449,327805.0,181923.0,0.827,1.174,0.114,13.519
CMP-0946,Pereira,Frecuente,Tienda,Bienestar,10,591,207994.0,157960.0,0.847,1.166,0.068,12.099
CMP-0947,Medellin,Frecuente,Digital,Hogar,25,608,371387.0,248204.0,0.698,0.953,0.038,11.22
CMP-0948,Pereira,Ocasional,Digital,Hogar,10,613,236312.0,147802.0,0.918,0.951,0.052,11.322
CMP-0949,Medellin,Frecuente,Digital,Hogar,15,335,261538.0,159295.0,0.948,0.931,0.058,12.955
CMP-0950,Bucaramanga,Frecuente,Digital,Bienestar,10,316,316905.0,233677.0,0.935,0.956,0.027,12.923
CMP-0951,Pereira,Alto valor,Digital,Bienestar,0,690,261790.0,187726.0,0.699,0.966,0.084,5.525
CMP-0952,Bucaramanga,Frecuente,Tienda,Hogar,15,549,237657.0,169850.0,0.885,0.863,0.077,7.727
CMP-0953,Bogota,Frecuente,Tienda,Educacion,0,648,257748.0,172147.0,0.802,0.96,0.083,3.572
CMP-0954,Manizales,Frecuente,Digital,Educacion,15,437,327036.0,239754.0,0.817,1.001,0.079,11.072
CMP-0955,Bogota,Frecuente,B2B,Hogar,10,655,210286.0,124453.0,0.765,0.939,0.017,6.497
CMP-0956,Bogota,Ocasional,Tienda,Educacion,20,526,250532.0,172589.0,0.82,0.874,0.033,3.41
CMP-0957,Manizales,En riesgo,B2B,Tecnologia,20,540,260772.0,160914.0,0.611,0.968,0.032,7.668
CMP-0958,Bogota,Frecuente,Tienda,Educacion,15,190,324844.0,215696.0,0.734,1.016,0.025,11.063
CMP-0959,Medellin,Ocasional,Tienda,Hogar,0,431,252512.0,191797.0,0.63,1.124,0.092,1.318
CMP-0960,Manizales,En riesgo,Tienda,Bienestar,15,533,395622.0,299204.0,0.676,1.12,0.028,7.027
CMP-0961,Pereira,En riesgo,Tienda,Hogar,25,551,248260.0,159638.0,0.608,0.891,0.085,6.44
CMP-0962,Manizales,Ocasional,B2B,Hogar,10,673,242174.0,159284.0,0.646,0.816,0.034,3.195
CMP-0963,Medellin,En riesgo,Digital,Hogar,10,282,247173.0,181760.0,0.902,0.937,0.027,11.826
CMP-0964,Bucaramanga,En riesgo,Digital,Bienestar,20,267,161252.0,121996.0,0.797,0.871,0.032,14.041
CMP-0965,Medellin,Ocasional,Digital,Tecnologia,5,681,182245.0,128823.0,0.561,0.978,0.068,1.992
CMP-0966,Manizales,Frecuente,B2B,Educacion,15,691,220200.0,117949.0,0.905,1.241,0.083,15.084
CMP-0967,Bogota,Alto valor,Digital,Educacion,20,191,345187.0,206226.0,0.959,0.881,0.1,12.301
CMP-0968,Bucaramanga,Alto valor,Tienda,Bienestar,0,314,257516.0,189319.0,0.946,0.943,0.028,-0.765
CMP-0969,Medellin,Frecuente,Tienda,Bienestar,15,667,223652.0,157541.0,0.92,1.126,0.08,12.923
CMP-0970,Pereira,Frecuente,B2B,Bienestar,15,203,351990.0,245737.0,0.996,1.029,0.096,9.306
CMP-0971,Bucaramanga,Frecuente,Digital,Tecnologia,10,565,376338.0,256024.0,0.814,0.82,0.048,8.353
CMP-0972,Manizales,Ocasional,Tienda,Bienestar,20,149,354154.0,219456.0,0.983,0.873,0.023,5.006
CMP-0973,Manizales,Ocasional,B2B,Tecnologia,5,190,196018.0,120900.0,0.977,1.221,0.031,8.212
CMP-0974,Manizales,Ocasional,Digital,Bienestar,10,566,222856.0,159151.0,0.691,0.846,0.025,6.267
CMP-0975,Pereira,Alto valor,Tienda,Hogar,20,456,396030.0,233859.0,0.939,1.086,0.108,7.028
CMP-0976,Bucaramanga,Frecuente,Digital,Bienestar,5,423,278085.0,190310.0,0.907,1.157,0.055,16.225
CMP-0977,Pereira,Ocasional,Tienda,Educacion,20,611,239928.0,166580.0,0.899,0.919,0.07,6.191
CMP-0978,Manizales,Ocasional,Tienda,Tecnologia,0,270,313876.0,226836.0,0.953,1.126,0.096,2.796
CMP-0979,Bucaramanga,En riesgo,Digital,Bienestar,15,392,335547.0,200245.0,0.723,0.876,0.054,9.489
CMP-0980,Manizales,En riesgo,Digital,Hogar,0,457,217141.0,151576.0,0.73,0.928,0.083,9.116
CMP-0981,Manizales,En riesgo,Digital,Hogar,15,538,276458.0,150824.0,0.838,0.94,0.023,10.815
CMP-0982,Bogota,Frecuente,Digital,Bienestar,20,285,329492.0,182253.0,0.882,1.248,0.065,15.044
CMP-0983,Manizales,Frecuente,Tienda,Educacion,20,472,172978.0,107274.0,0.946,0.897,0.025,6.887
CMP-0984,Bogota,Frecuente,Digital,Tecnologia,25,357,260926.0,139140.0,0.944,0.858,0.041,5.949
CMP-0985,Manizales,Ocasional,Digital,Educacion,15,416,176421.0,131865.0,0.875,1.217,0.046,11.005
CMP-0986,Bogota,En riesgo,Tienda,Educacion,20,614,186231.0,137151.0,0.981,0.873,0.09,9.313
CMP-0987,Bogota,Frecuente,Tienda,Bienestar,15,324,217767.0,115797.0,0.63,1.196,0.086,10.671
CMP-0988,Bucaramanga,Ocasional,Tienda,Bienestar,20,494,295784.0,213318.0,0.978,1.093,0.093,10.32
CMP-0989,Bucaramanga,Frecuente,B2B,Hogar,15,664,235848.0,151445.0,0.579,1.06,0.021,4.85
CMP-0990,Bogota,Alto valor,Digital,Tecnologia,20,552,211369.0,145521.0,0.8,1.138,0.119,13.853
CMP-0991,Bucaramanga,Alto valor,Tienda,Bienestar,10,693,263867.0,193378.0,0.591,1.127,0.021,13.073
CMP-0992,Manizales,Alto valor,Digital,Educacion,15,441,173978.0,114560.0,0.806,0.85,0.102,7.417
CMP-0993,Pereira,En riesgo,Tienda,Tecnologia,15,254,292160.0,160080.0,0.726,1.25,0.093,14.635
CMP-0994,Manizales,Frecuente,B2B,Bienestar,5,694,344854.0,179538.0,0.587,1.224,0.077,3.93
CMP-0995,Manizales,Ocasional,Tienda,Bienestar,5,479,254060.0,162410.0,0.842,1.203,0.061,5.694
CMP-0996,Bogota,Ocasional,Tienda,Educacion,25,229,244801.0,183066.0,0.879,1.08,0.094,6.228
CMP-0997,Manizales,Alto valor,Tienda,Hogar,10,276,288008.0,189345.0,0.628,1.035,0.093,8.302
CMP-0998,Bucaramanga,Alto valor,Digital,Hogar,5,242,107865.0,65744.0,0.862,1.041,0.029,8.976
CMP-0999,Medellin,Ocasional,Tienda,Hogar,10,596,300261.0,158364.0,0.631,0.807,0.098,7.814
CMP-1000,Manizales,Frecuente,Tienda,Educacion,10,137,492641.0,364355.0,0.612,1.025,0.023,10.63
CMP-1001,Medellin,En riesgo,B2B,Educacion,15,538,250799.0,150108.0,0.616,1.081,0.068,4.73
CMP-1002,Bogota,Alto valor,Digital,Hogar,20,423,251066.0,173021.0,0.82,1.096,0.083,9.655
CMP-1003,Manizales,Ocasional,Digital,Educacion,25,125,315771.0,216813.0,0.9,0.949,0.101,8.284
CMP-1004,Medellin,Ocasional,Tienda,Bienestar,15,460,383400.0,222729.0,0.819,1.012,0.064,7.84
CMP-1005,Pereira,Frecuente,Digital,Hogar,15,546,333123.0,178323.0,0.914,1.086,0.04,18.591
CMP-1006,Medellin,Frecuente,Digital,Tecnologia,10,530,98329.0,60217.0,0.816,0.993,0.067,13.734
CMP-1007,Medellin,En riesgo,Digital,Bienestar,20,407,302255.0,180178.0,0.909,1.233,0.041,18.063
CMP-1008,Manizales,Frecuente,Tienda,Bienestar,5,287,452895.0,311619.0,0.989,1.117,0.071,7.578
CMP-1009,Bogota,Frecuente,Digital,Educacion,5,181,306683.0,219814.0,0.726,0.801,0.064,8.141
CMP-1010,Manizales,Frecuente,Digital,Bienestar,25,87,173405.0,99428.0,0.617,0.81,0.097,0.336
CMP-1011,Bucaramanga,Frecuente,Digital,Tecnologia,20,302,281137.0,181833.0,0.611,1.111,0.04,14.231
CMP-1012,Bogota,Ocasional,B2B,Bienestar,10,471,163948.0,86851.0,0.819,0.986,0.036,7.63
CMP-1013,Bucaramanga,Ocasional,Tienda,Bienestar,15,103,352460.0,201403.0,0.796,1.178,0.065,8.114
CMP-1014,Bucaramanga,Frecuente,Digital,Hogar,10,699,188309.0,132348.0,0.633,0.878,0.02,11.234
CMP-1015,Manizales,Ocasional,Digital,Hogar,10,443,265568.0,188664.0,0.947,0.806,0.039,15.723
CMP-1016,Medellin,Frecuente,Tienda,Educacion,10,262,195666.0,138207.0,0.981,0.975,0.052,10.161
CMP-1017,Bucaramanga,Alto valor,Digital,Bienestar,5,676,219016.0,121373.0,0.664,1.131,0.066,13.216
CMP-1018,Manizales,Ocasional,Tienda,Bienestar,15,194,371461.0,242285.0,0.643,1.237,0.043,8.551
CMP-1019,Pereira,En riesgo,Digital,Hogar,10,673,267759.0,166399.0,0.646,1.198,0.074,15.677
CMP-1020,Pereira,Alto valor,B2B,Hogar,15,254,218060.0,165280.0,0.724,1.018,0.107,5.138
CMP-1021,Pereira,Frecuente,Digital,Bienestar,5,315,174108.0,117867.0,0.934,1.166,0.072,13.018
CMP-1022,Pereira,Frecuente,Tienda,Educacion,25,343,119622.0,89053.0,0.818,0.832,0.045,3.59
CMP-1023,Medellin,Ocasional,Digital,Bienestar,15,696,166154.0,92196.0,0.58,1.058,0.022,14.576
CMP-1024,Medellin,Alto valor,B2B,Bienestar,20,235,268397.0,168610.0,0.763,1.216,0.029,5.681
CMP-1025,Medellin,Frecuente,B2B,Tecnologia,5,683,333518.0,235192.0,0.591,0.978,0.074,2.895
CMP-1026,Pereira,Ocasional,Tienda,Educacion,15,295,217974.0,132590.0,0.733,1.232,0.087,14.111
CMP-1027,Pereira,Frecuente,Digital,Tecnologia,20,256,377791.0,253801.0,0.732,0.899,0.02,8.449
CMP-1028,Bucaramanga,Alto valor,Digital,Educacion,10,475,206187.0,132539.0,0.842,0.848,0.034,11.516
CMP-1029,Manizales,Alto valor,Tienda,Hogar,5,510,242149.0,183564.0,0.797,1.036,0.049,6.901
CMP-1030,Bucaramanga,Frecuente,Tienda,Educacion,10,293,179032.0,100567.0,0.944,1.208,0.049,10.631
CMP-1031,Manizales,Frecuente,Digital,Educacion,10,163,334307.0,248886.0,0.557,0.94,0.116,3.934
CMP-1032,Pereira,En riesgo,Digital,Educacion,10,325,417313.0,257222.0,0.898,1.16,0.036,15.494
CMP-1033,Bogota,Ocasional,Digital,Educacion,10,415,127864.0,80851.0,0.56,0.876,0.022,4.035
CMP-1034,Bucaramanga,Ocasional,Tienda,Bienestar,10,104,234038.0,151391.0,0.687,1.136,0.052,8.889
CMP-1035,Pereira,En riesgo,Tienda,Educacion,15,128,354858.0,207127.0,0.946,1.051,0.029,12.04
CMP-1036,Bogota,Frecuente,Tienda,Tecnologia,0,649,151479.0,113803.0,0.861,0.879,0.028,1.198
CMP-1037,Medellin,Frecuente,Tienda,Tecnologia,10,102,302501.0,223475.0,0.627,1.123,0.058,8.108
CMP-1038,Pereira,En riesgo,Digital,Bienestar,15,332,351610.0,264937.0,0.771,1.121,0.047,15.882
CMP-1039,Manizales,Frecuente,Digital,Educacion,5,553,265867.0,201862.0,0.875,1.032,0.025,9.402
CMP-1040,Medellin,Ocasional,Digital,Educacion,5,283,301270.0,205090.0,0.972,0.901,0.078,5.716
CMP-1041,Bogota,Ocasional,Tienda,Bienestar,5,386,392068.0,246377.0,0.835,0.86,0.068,4.699
CMP-1042,Medellin,Alto valor,Digital,Bienestar,0,133,406132.0,294111.0,0.561,1.231,0.023,11.058
CMP-1043,Manizales,Frecuente,Digital,Bienestar,10,572,255352.0,134242.0,0.775,1.095,0.106,13.225
CMP-1044,Bucaramanga,Frecuente,Digital,Educacion,0,473,220072.0,158508.0,0.619,1.164,0.045,4.582
CMP-1045,Bogota,Alto valor,Digital,Educacion,10,608,191001.0,122117.0,0.572,1.114,0.116,12.412
CMP-1046,Pereira,Frecuente,Tienda,Tecnologia,25,615,333272.0,227149.0,0.819,1.173,0.113,1.836
CMP-1047,Bucaramanga,Frecuente,Digital,Bienestar,20,297,157117.0,95805.0,0.9,0.873,0.061,9.934
CMP-1048,Bogota,Ocasional,Digital,Hogar,5,105,241057.0,146676.0,0.566,1.024,0.039,5.384
CMP-1049,Bogota,En riesgo,Tienda,Educacion,10,294,267702.0,141243.0,0.903,1.1,0.103,11.462
CMP-1050,Pereira,Ocasional,Digital,Bienestar,10,170,222275.0,138190.0,0.868,0.847,0.053,7.113
CMP-1051,Manizales,Frecuente,Digital,Educacion,20,410,280987.0,173651.0,0.888,0.867,0.032,9.007
CMP-1052,Bucaramanga,Frecuente,Digital,Hogar,20,170,452338.0,259620.0,0.66,1.085,0.073,13.494
CMP-1053,Manizales,Frecuente,Tienda,Bienestar,5,651,250880.0,145349.0,0.727,1.191,0.066,12.018
CMP-1054,Medellin,Alto valor,Digital,Tecnologia,5,453,227345.0,150091.0,0.604,1.097,0.104,8.127
CMP-1055,Pereira,En riesgo,Tienda,Educacion,10,236,336150.0,200434.0,0.658,0.816,0.092,7.012
CMP-1056,Medellin,Frecuente,B2B,Tecnologia,20,651,277969.0,199932.0,0.686,1.237,0.107,7.387
CMP-1057,Manizales,Frecuente,Tienda,Hogar,20,557,367950.0,201170.0,0.694,0.863,0.092,8.114
CMP-1058,Bogota,Ocasional,Digital,Educacion,5,351,272352.0,179380.0,0.629,0.905,0.082,6.047
CMP-1059,Manizales,Frecuente,Tienda,Educacion,15,170,241368.0,134783.0,0.635,1.239,0.068,11.464
CMP-1060,Bucaramanga,Alto valor,Digital,Hogar,5,293,126221.0,81637.0,0.956,1.147,0.119,15.991
CMP-1061,Bogota,Alto valor,Digital,Hogar,15,442,138520.0,90400.0,0.903,1.221,0.116,15.737
CMP-1062,Bogota,Ocasional,Tienda,Tecnologia,20,554,122323.0,82464.0,0.705,1.163,0.104,11.87
CMP-1063,Pereira,Ocasional,Digital,Educacion,10,242,288450.0,179584.0,0.976,1.093,0.096,13.152
CMP-1064,Bogota,Frecuente,Digital,Tecnologia,5,540,157831.0,101371.0,0.658,0.928,0.076,5.283
CMP-1065,Bogota,En riesgo,Digital,Tecnologia,15,255,354168.0,199549.0,0.733,0.947,0.042,12.945
CMP-1066,Bucaramanga,En riesgo,Digital,Hogar,10,232,262268.0,165524.0,0.916,1.226,0.107,21.659
CMP-1067,Medellin,Ocasional,Digital,Tecnologia,20,357,241686.0,147314.0,0.749,1.187,0.016,10.051
CMP-1068,Bogota,Frecuente,Tienda,Tecnologia,10,179,196711.0,133738.0,0.656,0.962,0.039,10.35
CMP-1069,Bucaramanga,Alto valor,B2B,Bienestar,20,330,306669.0,191471.0,0.716,0.968,0.057,5.557
CMP-1070,Pereira,En riesgo,Digital,Bienestar,10,301,199663.0,141170.0,0.775,0.934,0.077,11.292
CMP-1071,Bogota,Frecuente,Tienda,Hogar,5,253,186097.0,115796.0,0.829,0.947,0.074,8.797
CMP-1072,Bucaramanga,Ocasional,Digital,Educacion,10,560,349126.0,201301.0,0.733,1.187,0.033,9.643
CMP-1073,Bogota,Ocasional,Digital,Bienestar,0,285,286597.0,167855.0,0.744,0.805,0.026,3.907
CMP-1074,Manizales,Alto valor,Digital,Tecnologia,10,510,242380.0,128672.0,0.669,0.996,0.038,13.208
CMP-1075,Manizales,Ocasional,Digital,Bienestar,15,526,308107.0,200141.0,0.791,1.224,0.052,10.988
CMP-1076,Pereira,En riesgo,Digital,Bienestar,5,492,260670.0,187529.0,0.649,1.044,0.016,11.294
CMP-1077,Bogota,Ocasional,Digital,Educacion,5,246,288726.0,203433.0,0.94,1.003,0.088,8.084
CMP-1078,Pereira,Frecuente,Digital,Tecnologia,5,594,198736.0,124224.0,0.886,0.941,0.041,10.866
CMP-1079,Manizales,En riesgo,Tienda,Tecnologia,0,226,415280.0,235492.0,0.735,0.833,0.052,8.647
CMP-1080,Medellin,Frecuente,Digital,Hogar,20,251,216529.0,157467.0,0.886,0.901,0.05,9.501
CMP-1081,Medellin,Ocasional,Digital,Hogar,25,622,376701.0,201018.0,0.553,0.841,0.069,3.686
CMP-1082,Medellin,Ocasional,Digital,Educacion,0,290,245835.0,151388.0,0.705,0.857,0.105,1.948
CMP-1083,Medellin,Ocasional,Tienda,Bienestar,20,512,320532.0,232574.0,0.748,0.874,0.031,5.034
CMP-1084,Manizales,Frecuente,Digital,Bienestar,20,106,315067.0,193565.0,0.761,0.936,0.051,9.371
CMP-1085,Bucaramanga,Alto valor,Tienda,Bienestar,25,460,346014.0,189716.0,0.887,0.805,0.088,2.866
CMP-1086,Medellin,Frecuente,Digital,Educacion,10,618,196953.0,114987.0,0.983,1.228,0.02,17.269
CMP-1087,Medellin,Frecuente,Digital,Hogar,10,519,340673.0,226209.0,0.721,0.856,0.102,8.699
CMP-1088,Medellin,Frecuente,B2B,Tecnologia,10,441,398483.0,221751.0,0.708,0.972,0.116,4.255
CMP-1089,Bogota,Ocasional,Digital,Tecnologia,20,606,240598.0,162929.0,0.825,1.196,0.079,14.862
CMP-1090,Pereira,Frecuente,Digital,Hogar,15,264,262603.0,164169.0,0.677,0.848,0.115,9.667
CMP-1091,Manizales,Ocasional,Digital,Bienestar,10,313,220742.0,132501.0,0.614,1.018,0.058,8.345
CMP-1092,Manizales,En riesgo,B2B,Hogar,10,123,234017.0,135220.0,0.983,1.18,0.059,18.008
CMP-1093,Medellin,Frecuente,Tienda,Hogar,15,512,388357.0,278684.0,0.914,1.051,0.026,6.32
CMP-1094,Bucaramanga,Ocasional,Tienda,Hogar,20,528,184682.0,113617.0,0.981,0.895,0.019,10.882
CMP-1095,Bucaramanga,Ocasional,B2B,Educacion,10,545,189341.0,132015.0,0.648,1.131,0.041,4.189
CMP-1096,Pereira,Frecuente,Digital,Educacion,15,544,380818.0,238272.0,0.558,1.107,0.065,12.019
CMP-1097,Medellin,Alto valor,B2B,Tecnologia,10,158,306841.0,166323.0,0.747,0.963,0.068,6.88
CMP-1098,Bogota,Ocasional,Digital,Tecnologia,10,493,419028.0,262195.0,0.97,0.821,0.038,7.247
CMP-1099,Pereira,En riesgo,Tienda,Tecnologia,15,553,226217.0,145196.0,0.612,0.804,0.079,11.957
CMP-1100,Manizales,Ocasional,Digital,Educacion,20,206,269471.0,169735.0,0.603,1.171,0.034,14.929
CMP-1101,Manizales,En riesgo,Digital,Hogar,25,375,210449.0,150660.0,0.581,0.945,0.049,7.071
CMP-1102,Manizales,En riesgo,B2B,Educacion,10,646,270748.0,199975.0,0.894,0.862,0.036,10.582
CMP-1103,Medellin,Frecuente,Digital,Bienestar,10,337,126943.0,89980.0,0.904,1.033,0.088,13.443
CMP-1104,Pereira,Ocasional,B2B,Bienestar,10,546,311372.0,205464.0,0.863,1.214,0.069,14.434
CMP-1105,Bucaramanga,Frecuente,Digital,Hogar,5,408,284261.0,184755.0,0.574,0.804,0.092,-0.48
CMP-1106,Pereira,En riesgo,Tienda,Hogar,10,487,255683.0,172512.0,0.875,0.825,0.021,11.588
CMP-1107,Bucaramanga,Alto valor,B2B,Tecnologia,5,468,230723.0,135914.0,0.752,0.988,0.06,4.708
CMP-1108,Medellin,Frecuente,Digital,Bienestar,10,483,192893.0,137889.0,0.621,1.104,0.117,4.993
CMP-1109,Medellin,En riesgo,B2B,Hogar,5,563,314578.0,228272.0,0.683,1.014,0.021,6.432
CMP-1110,Pereira,Frecuente,Tienda,Hogar,10,640,172168.0,100569.0,0.776,1.204,0.059,16.851
CMP-1111,Bogota,Ocasional,Tienda,Tecnologia,20,263,298392.0,219818.0,0.698,0.82,0.019,2.036
CMP-1112,Bucaramanga,Frecuente,Digital,Educacion,10,655,415584.0,300756.0,0.986,0.953,0.03,15.278
CMP-1113,Pereira,En riesgo,Tienda,Educacion,15,469,371414.0,230974.0,0.764,0.958,0.064,14.851
CMP-1114,Bucaramanga,En riesgo,Tienda,Hogar,20,449,147115.0,108595.0,0.717,0.953,0.032,9.608
CMP-1115,Pereira,Frecuente,Digital,Bienestar,15,283,219745.0,120619.0,0.853,1.019,0.069,13.372
CMP-1116,Manizales,Ocasional,Digital,Educacion,5,338,291609.0,153595.0,0.843,1.156,0.112,5.773
CMP-1117,Medellin,Frecuente,Digital,Bienestar,10,484,254729.0,153726.0,0.551,0.943,0.036,7.021
CMP-1118,Manizales,Ocasional,B2B,Bienestar,15,305,155045.0,101663.0,0.828,1.135,0.026,11.24
CMP-1119,Bogota,Ocasional,Digital,Hogar,15,258,288899.0,174595.0,0.66,0.866,0.102,8.123
CMP-1120,Manizales,Ocasional,Tienda,Bienestar,5,587,259249.0,193425.0,0.719,1.052,0.063,6.751
CMP-1121,Pereira,Alto valor,B2B,Bienestar,10,337,403574.0,234529.0,0.868,0.969,0.108,10.059
CMP-1122,Pereira,Frecuente,Digital,Bienestar,15,479,241008.0,141590.0,0.801,1.043,0.047,18.982
CMP-1123,Bucaramanga,Ocasional,Digital,Bienestar,10,99,347600.0,233712.0,0.716,0.848,0.081,6.669
CMP-1124,Bucaramanga,Ocasional,Tienda,Bienestar,15,127,164968.0,85937.0,0.625,1.229,0.112,13.997
CMP-1125,Medellin,Frecuente,Digital,Tecnologia,0,605,182899.0,127044.0,0.777,1.208,0.033,8.615
CMP-1126,Medellin,Alto valor,Tienda,Educacion,10,168,314125.0,191802.0,0.694,1.172,0.099,16.8
CMP-1127,Medellin,Frecuente,Tienda,Educacion,20,573,341280.0,257550.0,0.961,1.202,0.081,8.888
CMP-1128,Bogota,En riesgo,Tienda,Tecnologia,10,638,188196.0,129091.0,0.79,0.866,0.1,10.773
CMP-1129,Manizales,Alto valor,Digital,Hogar,15,378,261806.0,139420.0,0.94,1.027,0.033,14.3
CMP-1130,Bogota,Frecuente,Tienda,Educacion,10,628,156382.0,84795.0,0.726,0.943,0.061,8.487
CMP-1131,Manizales,En riesgo,Tienda,Hogar,10,344,246409.0,133347.0,0.922,1.199,0.029,18.866
CMP-1132,Bogota,Alto valor,Digital,Educacion,20,670,322769.0,241635.0,0.575,0.885,0.116,10.113
CMP-1133,Bogota,Ocasional,Tienda,Educacion,10,227,227378.0,155566.0,0.684,0.899,0.022,9.112
CMP-1134,Bogota,Frecuente,B2B,Educacion,10,345,241322.0,150253.0,0.585,1.109,0.022,5.448
CMP-1135,Bogota,En riesgo,Tienda,Tecnologia,20,321,175265.0,99571.0,0.564,0.84,0.109,4.604
CMP-1136,Pereira,Ocasional,Digital,Hogar,20,566,211373.0,154233.0,0.963,1.13,0.047,12.521
CMP-1137,Bogota,En riesgo,Digital,Bienestar,15,107,391858.0,222722.0,0.873,0.921,0.078,14.418
CMP-1138,Bucaramanga,Frecuente,Digital,Educacion,0,593,265469.0,183068.0,0.831,1.097,0.045,6.88
CMP-1139,Bogota,Frecuente,Digital,Tecnologia,5,94,184827.0,129970.0,0.79,1.193,0.083,9.362
CMP-1140,Manizales,Ocasional,Digital,Hogar,15,275,236392.0,139641.0,0.806,1.074,0.035,15.13
CMP-1141,Medellin,Frecuente,B2B,Tecnologia,5,449,140193.0,89889.0,0.837,0.896,0.063,3.894
CMP-1142,Bucaramanga,Frecuente,Digital,Educacion,5,170,183938.0,105492.0,0.922,0.822,0.071,12.781
CMP-1143,Medellin,Alto valor,Tienda,Educacion,20,383,362025.0,221177.0,0.819,0.82,0.05,7.994
CMP-1144,Medellin,En riesgo,Digital,Tecnologia,10,698,249314.0,187392.0,0.887,0.84,0.041,15.127
CMP-1145,Bucaramanga,Ocasional,Digital,Tecnologia,0,590,401805.0,275780.0,0.676,1.061,0.03,5.631
CMP-1146,Manizales,Ocasional,Digital,Hogar,0,98,252849.0,182857.0,0.99,0.957,0.089,3.328
CMP-1147,Manizales,Ocasional,Digital,Educacion,10,446,257302.0,167180.0,0.564,0.909,0.033,8.27
CMP-1148,Bogota,Frecuente,Tienda,Hogar,15,450,308067.0,177869.0,0.724,0.899,0.046,13.324
CMP-1149,Bogota,Frecuente,B2B,Hogar,20,122,80000.0,55287.0,0.947,1.227,0.05,11.699
CMP-1150,Medellin,Frecuente,B2B,Hogar,5,483,275370.0,176275.0,0.631,0.853,0.063,5.071
CMP-1151,Bucaramanga,Ocasional,Digital,Bienestar,5,403,256326.0,144169.0,0.614,0.937,0.089,7.835
CMP-1152,Manizales,Frecuente,Tienda,Hogar,15,502,371453.0,229923.0,0.714,1.012,0.06,10.061
CMP-1153,Manizales,En riesgo,Digital,Tecnologia,10,264,332351.0,223460.0,0.743,0.8,0.106,12.059
CMP-1154,Medellin,Ocasional,B2B,Educacion,15,238,174973.0,121865.0,0.97,1.214,0.086,12.461
CMP-1155,Bucaramanga,Frecuente,Tienda,Hogar,20,536,353160.0,204258.0,0.926,0.845,0.103,9.859
CMP-1156,Manizales,Ocasional,Digital,Hogar,15,527,240326.0,175496.0,0.759,1.107,0.09,7.954
CMP-1157,Pereira,Alto valor,Digital,Bienestar,10,180,192166.0,117431.0,0.988,1.083,0.031,16.829
CMP-1158,Medellin,En riesgo,Digital,Bienestar,25,214,274783.0,160768.0,0.839,1.164,0.118,12.13
CMP-1159,Bucaramanga,En riesgo,Digital,Tecnologia,0,443,244792.0,138755.0,0.943,1.093,0.098,9.76
CMP-1160,Bucaramanga,En riesgo,B2B,Tecnologia,25,594,375385.0,267650.0,0.661,1.146,0.075,10.455
CMP-1161,Manizales,Frecuente,Tienda,Tecnologia,15,205,285547.0,172756.0,0.77,0.99,0.032,7.377
CMP-1162,Manizales,Alto valor,B2B,Educacion,15,215,275424.0,175174.0,0.563,1.02,0.033,4.029
CMP-1163,Medellin,Frecuente,Digital,Bienestar,20,580,327549.0,187841.0,0.554,1.116,0.08,12.353
CMP-1164,Manizales,Alto valor,Tienda,Educacion,15,511,341965.0,234131.0,0.867,1.056,0.059,8.624
CMP-1165,Manizales,Alto valor,Digital,Bienestar,10,639,318770.0,225513.0,0.603,1.03,0.086,6.643
CMP-1166,Pereira,Alto valor,Tienda,Hogar,10,565,366460.0,220412.0,0.797,0.893,0.054,12.172
CMP-1167,Pereira,En riesgo,Digital,Bienestar,15,671,305651.0,228266.0,0.863,0.916,0.069,14.832
CMP-1168,Bucaramanga,Alto valor,Digital,Bienestar,15,197,272574.0,143741.0,0.565,0.961,0.035,12.565
CMP-1169,Medellin,Alto valor,Tienda,Hogar,5,248,352938.0,194789.0,0.752,0.804,0.031,4.804
CMP-1170,Medellin,Ocasional,Digital,Educacion,15,227,253183.0,167432.0,0.858,0.988,0.023,7.323
CMP-1171,Bogota,Ocasional,Digital,Educacion,15,114,262493.0,180684.0,0.95,0.801,0.101,6.473
CMP-1172,Bogota,Ocasional,Tienda,Educacion,10,563,389118.0,225752.0,0.685,1.054,0.073,6.801
CMP-1173,Bucaramanga,Ocasional,Digital,Educacion,0,490,381644.0,249205.0,0.988,1.117,0.114,3.985
CMP-1174,Pereira,En riesgo,B2B,Hogar,10,133,259387.0,154702.0,0.93,1.053,0.094,13.116
CMP-1175,Pereira,Ocasional,Tienda,Tecnologia,0,202,225984.0,147563.0,0.843,1.112,0.096,2.385
CMP-1176,Bucaramanga,Frecuente,Tienda,Hogar,0,198,369738.0,250771.0,0.726,0.8,0.068,0.905
CMP-1177,Bucaramanga,Ocasional,Tienda,Bienestar,10,329,320031.0,241135.0,0.87,0.827,0.101,6.935
CMP-1178,Pereira,Frecuente,Tienda,Educacion,5,362,283669.0,178532.0,0.917,1.114,0.114,10.835
CMP-1179,Bucaramanga,Frecuente,Tienda,Hogar,10,259,235860.0,159340.0,0.686,1.161,0.091,11.763
CMP-1180,Pereira,Frecuente,B2B,Hogar,15,656,284877.0,187657.0,0.997,1.123,0.026,10.609
CMP-1181,Bogota,Alto valor,Tienda,Hogar,10,211,258372.0,154045.0,0.959,1.098,0.083,14.075
CMP-1182,Medellin,Ocasional,Digital,Educacion,25,428,210175.0,122056.0,0.768,1.118,0.028,8.122
CMP-1183,Bogota,Frecuente,Digital,Tecnologia,20,351,269678.0,204170.0,0.875,1.133,0.023,6.42
CMP-1184,Manizales,Alto valor,Tienda,Hogar,15,320,279907.0,159447.0,0.786,1.126,0.088,14.519
CMP-1185,Manizales,Frecuente,Digital,Tecnologia,25,591,231845.0,164533.0,0.892,1.132,0.103,10.662
CMP-1186,Bucaramanga,Ocasional,Digital,Educacion,20,686,327787.0,181981.0,0.922,0.833,0.032,10.128
CMP-1187,Pereira,Frecuente,Digital,Hogar,10,83,356662.0,254316.0,0.56,0.828,0.023,4.133
CMP-1188,Manizales,Ocasional,Tienda,Tecnologia,20,367,332742.0,187858.0,0.586,0.963,0.108,3.686
CMP-1189,Manizales,En riesgo,Digital,Hogar,5,153,239281.0,179968.0,0.701,1.037,0.029,8.83
CMP-1190,Pereira,Alto valor,Tienda,Tecnologia,15,348,316687.0,216815.0,0.963,1.143,0.019,16.594
CMP-1191,Manizales,Ocasional,Tienda,Hogar,15,462,265847.0,143990.0,0.729,0.951,0.091,3.161
CMP-1192,Bucaramanga,Frecuente,Tienda,Educacion,0,335,167319.0,114842.0,0.949,0.924,0.104,1.28
CMP-1193,Pereira,Frecuente,Digital,Bienestar,10,271,310455.0,206412.0,0.758,1.152,0.069,14.889
CMP-1194,Bogota,Ocasional,Tienda,Educacion,25,273,270960.0,162850.0,0.68,0.912,0.072,-0.071
CMP-1195,Manizales,En riesgo,Tienda,Bienestar,10,265,454516.0,264790.0,0.955,1.169,0.05,12.781
CMP-1196,Bogota,Frecuente,Digital,Educacion,5,281,369295.0,255738.0,0.802,0.88,0.04,10.941
CMP-1197,Bogota,Ocasional,Tienda,Hogar,5,311,313336.0,218686.0,0.712,0.962,0.094,7.23
CMP-1198,Medellin,Frecuente,Digital,Educacion,10,506,278688.0,166803.0,0.57,0.98,0.104,11.667
CMP-1199,Medellin,Ocasional,B2B,Tecnologia,20,139,272279.0,198844.0,0.6,0.935,0.049,5.243
CMP-1200,Bogota,Ocasional,Digital,Hogar,20,105,184723.0,107974.0,0.613,0.802,0.044,4.734
